suite,policy,depth,precision,stream_seed,stream_sha256,cap,lines,pieces_locked,terminal_reason,wall_seconds,protocol_sha256,model_closure,source,quality_key,git_commit
pilot,heuristic,1,0,10000,06ed0a8335c2502ed7ba9a073329cea9770dfb8f908237bae7265ed1567621d0,10000,3995,10000,cap_reached,1.307,12e05937e613e64fc618b7b3a6f2d329cbe0cef37485fdf356cde609b39415b4,,ea02300144a03bd2605ebbdab5fd629cf41f2231f6b4a535757a3fe695f9be81,29d71062d12a14c99a8f3b6973d0fe0ce195b25c67e19c0610f8a1c215b40184,
pilot,heuristic,1,0,10001,26924a12a6dbb17532e9cdca6c28505940bedfb47a8318bf1bcdbcf3ddb9bdea,10000,3998,10000,cap_reached,1.317,12e05937e613e64fc618b7b3a6f2d329cbe0cef37485fdf356cde609b39415b4,,ea02300144a03bd2605ebbdab5fd629cf41f2231f6b4a535757a3fe695f9be81,3629136406a06497792ad1ca9d8aa66b91e00c9bab28107bd24c74b3cdd595a3,
pilot,heuristic,1,0,10002,0c8f8ef4f0b2d7eaaa415e7b7424b631586e0c1c2474e665ee48dd5a470db793,10000,2316,5833,top_out,0.767,12e05937e613e64fc618b7b3a6f2d329cbe0cef37485fdf356cde609b39415b4,,ea02300144a03bd2605ebbdab5fd629cf41f2231f6b4a535757a3fe695f9be81,8c294880e41784e64a1af1bd8b5d89ca8138e571c296fe866a985f35ba7bc601,
pilot,heuristic,1,0,10003,b866cddd14ef7a6af94ffe2fa91a8aff3f1979fa633f770dd35d2918e2cec20b,10000,2876,7234,top_out,0.974,12e05937e613e64fc618b7b3a6f2d329cbe0cef37485fdf356cde609b39415b4,,ea02300144a03bd2605ebbdab5fd629cf41f2231f6b4a535757a3fe695f9be81,84f3bc6f187512f9a73d07617a745cc0e25d1a48d8847ba9b595efbfe2c8cb44,
pilot,heuristic,1,0,10004,672f993cd08e5ae9886dd785d7938778022d052b000044293d2105e3cec30a76,10000,369,964,top_out,0.131,12e05937e613e64fc618b7b3a6f2d329cbe0cef37485fdf356cde609b39415b4,,ea02300144a03bd2605ebbdab5fd629cf41f2231f6b4a535757a3fe695f9be81,b3b173dcbe4f8f0e5a48da01b304cf2ef6b010d269c92582ac0ab67112233fcd,
pilot,heuristic,1,0,10005,5e72721988363eccc85605a83a0833952009569565d88e66f924ac5e158289c6,10000,3997,10000,cap_reached,1.339,12e05937e613e64fc618b7b3a6f2d329cbe0cef37485fdf356cde609b39415b4,,ea02300144a03bd2605ebbdab5fd629cf41f2231f6b4a535757a3fe695f9be81,46a5a8e43c013b1b107b7d0a814137b08f44da3745b42c24141e9c70666bf9b9,
pilot,heuristic,1,0,10006,aa3e7c06987dbfc267ef63d4171c29e326fae529d31627f35d20d956b5ab0334,10000,3556,8933,top_out,1.23,12e05937e613e64fc618b7b3a6f2d329cbe0cef37485fdf356cde609b39415b4,,ea02300144a03bd2605ebbdab5fd629cf41f2231f6b4a535757a3fe695f9be81,18f0862fc88d0b755f210be426d73cd5a7a1b15e20bf0733dd7a35f2286c9429,
pilot,heuristic,1,0,10007,5638e05d930dc08f3db97674e88b7375c253931cf8a879a0f817fbd3358d6646,10000,3349,8415,top_out,1.205,12e05937e613e64fc618b7b3a6f2d329cbe0cef37485fdf356cde609b39415b4,,ea02300144a03bd2605ebbdab5fd629cf41f2231f6b4a535757a3fe695f9be81,b1939c1519cc2c6fd7ab9b02bc4de2d0ac1fa041a0f2b57910b6911358a99cbb,
pilot,heuristic,1,0,10008,1dace9f116db9bdcedaaf91ec50eda100281d4c6d91f79ef2c075e30ac7d2055,10000,3998,10000,cap_reached,1.339,12e05937e613e64fc618b7b3a6f2d329cbe0cef37485fdf356cde609b39415b4,,ea02300144a03bd2605ebbdab5fd629cf41f2231f6b4a535757a3fe695f9be81,df43ae7105c9b8160fba3c224a1e8927a96460abf4fcf07ec93863ef2b1d63a2,
pilot,heuristic,1,0,10009,422cbf7971bae3e3955aeeb6deb290820a167b42030c0ab78b2f74c59006afca,10000,3164,7953,top_out,1.046,12e05937e613e64fc618b7b3a6f2d329cbe0cef37485fdf356cde609b39415b4,,ea02300144a03bd2605ebbdab5fd629cf41f2231f6b4a535757a3fe695f9be81,c1ab4d6dc5568850707d271a7c8f179a826af91d2bda8cd9c15af1dbd50e346a,
pilot,heuristic,1,0,10010,9c68182fb9cc7aae420035c47da0f68f9e3049709b9c4a10703318efc78694a7,10000,829,2115,top_out,0.273,12e05937e613e64fc618b7b3a6f2d329cbe0cef37485fdf356cde609b39415b4,,ea02300144a03bd2605ebbdab5fd629cf41f2231f6b4a535757a3fe695f9be81,8f8baacfdc6e8021c7c8c1d02b25c3e01104ca4507a9ef5e06cbb5c781e2a8e0,
pilot,heuristic,1,0,10011,13667fb31e53ec57bdedd21989c004580a0c214115a10f0966968395e3497d9b,10000,3989,10000,cap_reached,1.357,12e05937e613e64fc618b7b3a6f2d329cbe0cef37485fdf356cde609b39415b4,,ea02300144a03bd2605ebbdab5fd629cf41f2231f6b4a535757a3fe695f9be81,016cf554a3f793508ca2b6370466aa18736e3a0c524cdbc6bd783ba8d3806652,
pilot,heuristic,1,0,10012,e8ac57208a2e63a0c04547c3432926df3b3d621c3bc5f882a5c0dc8483fb8c94,10000,1372,3472,top_out,0.478,12e05937e613e64fc618b7b3a6f2d329cbe0cef37485fdf356cde609b39415b4,,ea02300144a03bd2605ebbdab5fd629cf41f2231f6b4a535757a3fe695f9be81,3b22b0ba4123575cbea836e5f7cfcbaed6eedfc8bd5321a60aef820da01e77e0,
pilot,heuristic,1,0,10013,a46a8bdacdb71d7956db4d0f1c41e18b1fcedbb02b7ff59c504ef3401ed0b6a6,10000,3294,8278,top_out,1.098,12e05937e613e64fc618b7b3a6f2d329cbe0cef37485fdf356cde609b39415b4,,ea02300144a03bd2605ebbdab5fd629cf41f2231f6b4a535757a3fe695f9be81,6a9a4aa53ec5d3af81b7e12e6e1c03adbc67676b538571b15e336dc55d16b50a,
pilot,heuristic,1,0,10014,f4567d3484cfc6aa2a018489c63d7f246c789f32033b29b82626217c2adcf65f,10000,425,1105,top_out,0.145,12e05937e613e64fc618b7b3a6f2d329cbe0cef37485fdf356cde609b39415b4,,ea02300144a03bd2605ebbdab5fd629cf41f2231f6b4a535757a3fe695f9be81,c0f7602ccda5f800195f354344e6e881a0dcea7f6327d035fe9bdd686e89ef16,
pilot,heuristic,1,0,10015,ee66b819b1d8b674164fcc83718b7eeee7e5f673ff81ad68f9958779b8261e81,10000,3999,10000,cap_reached,1.262,12e05937e613e64fc618b7b3a6f2d329cbe0cef37485fdf356cde609b39415b4,,ea02300144a03bd2605ebbdab5fd629cf41f2231f6b4a535757a3fe695f9be81,b320eb246301877f285e23581e692d1a2fea6d20f5c53f925fec69b969ea77f8,
pilot,heuristic,1,0,10016,476fead0fc61df995f972cf01e9be03f4fd56229b76e5b5ee51d733f3ba9ba86,10000,3003,7551,top_out,0.969,12e05937e613e64fc618b7b3a6f2d329cbe0cef37485fdf356cde609b39415b4,,ea02300144a03bd2605ebbdab5fd629cf41f2231f6b4a535757a3fe695f9be81,41c9a51bfb31940ff1ebbb012cac43f6628bc44fd31b2cd4bfaed71f3c7bd193,
pilot,heuristic,1,0,10017,7b39471278ec0b132fb6c7fab6b599339ebf7c3fc66b6958bc165bbd5b5a0b92,10000,3382,8497,top_out,1.106,12e05937e613e64fc618b7b3a6f2d329cbe0cef37485fdf356cde609b39415b4,,ea02300144a03bd2605ebbdab5fd629cf41f2231f6b4a535757a3fe695f9be81,1eb7dfc0f7f1e157a67476949cb587bb6761e7f6334c20860dcc26bdb41056cd,
pilot,heuristic,1,0,10018,64ed5c06c4e0a8b6085baa7a9dce7c664a2be54349be28231856e180aa6c5bc0,10000,3998,10000,cap_reached,1.24,12e05937e613e64fc618b7b3a6f2d329cbe0cef37485fdf356cde609b39415b4,,ea02300144a03bd2605ebbdab5fd629cf41f2231f6b4a535757a3fe695f9be81,40e7f4f59c8b55a959601ff64701e9b24dc97a3611f1c09a2e354d201508d497,
pilot,heuristic,1,0,10019,cee6774528d041679a5861bfb65d3de28c80fa9406682993f2394c0756c87101,10000,3997,10000,cap_reached,1.27,12e05937e613e64fc618b7b3a6f2d329cbe0cef37485fdf356cde609b39415b4,,ea02300144a03bd2605ebbdab5fd629cf41f2231f6b4a535757a3fe695f9be81,792b713c8c2db99fcf518ca287ac72fccbcdbe21a0c960cc09a504cad95febbf,
pilot,heuristic,1,1,10000,06ed0a8335c2502ed7ba9a073329cea9770dfb8f908237bae7265ed1567621d0,10000,3998,10000,cap_reached,1.265,12e05937e613e64fc618b7b3a6f2d329cbe0cef37485fdf356cde609b39415b4,,ea02300144a03bd2605ebbdab5fd629cf41f2231f6b4a535757a3fe695f9be81,753ef2aeb8d5fc966a8062c3745f1c2faa25b8c11d9837466a18573c19a9cadf,
pilot,heuristic,1,1,10001,26924a12a6dbb17532e9cdca6c28505940bedfb47a8318bf1bcdbcf3ddb9bdea,10000,3998,10000,cap_reached,1.263,12e05937e613e64fc618b7b3a6f2d329cbe0cef37485fdf356cde609b39415b4,,ea02300144a03bd2605ebbdab5fd629cf41f2231f6b4a535757a3fe695f9be81,60c34db551c9f242e127ad2ff8a956d8df07c5a1fb692287e05ffe53774508e0,
pilot,heuristic,1,1,10002,0c8f8ef4f0b2d7eaaa415e7b7424b631586e0c1c2474e665ee48dd5a470db793,10000,3995,10000,cap_reached,1.267,12e05937e613e64fc618b7b3a6f2d329cbe0cef37485fdf356cde609b39415b4,,ea02300144a03bd2605ebbdab5fd629cf41f2231f6b4a535757a3fe695f9be81,a223cd54c74a428e9fa91a3aaf7ccef145f90e1e72a7f4dea0c63807669ef4db,
pilot,heuristic,1,1,10003,b866cddd14ef7a6af94ffe2fa91a8aff3f1979fa633f770dd35d2918e2cec20b,10000,3998,10000,cap_reached,1.264,12e05937e613e64fc618b7b3a6f2d329cbe0cef37485fdf356cde609b39415b4,,ea02300144a03bd2605ebbdab5fd629cf41f2231f6b4a535757a3fe695f9be81,42e1054932b37594d812add88f1073cdfb8bd08db91e49810bec82228ef7dc9f,
pilot,heuristic,1,1,10004,672f993cd08e5ae9886dd785d7938778022d052b000044293d2105e3cec30a76,10000,3995,10000,cap_reached,1.235,12e05937e613e64fc618b7b3a6f2d329cbe0cef37485fdf356cde609b39415b4,,ea02300144a03bd2605ebbdab5fd629cf41f2231f6b4a535757a3fe695f9be81,6bed556a292216099ed445571adb48970743cf4b4e733a977d8fa6dbd321fc5e,
pilot,heuristic,1,1,10005,5e72721988363eccc85605a83a0833952009569565d88e66f924ac5e158289c6,10000,3993,10000,cap_reached,1.289,12e05937e613e64fc618b7b3a6f2d329cbe0cef37485fdf356cde609b39415b4,,ea02300144a03bd2605ebbdab5fd629cf41f2231f6b4a535757a3fe695f9be81,63363271158c7984b07e80be235f717f2287becf077c78b7bfd17d7dfd1744b7,
pilot,heuristic,1,1,10006,aa3e7c06987dbfc267ef63d4171c29e326fae529d31627f35d20d956b5ab0334,10000,1130,2867,top_out,0.377,12e05937e613e64fc618b7b3a6f2d329cbe0cef37485fdf356cde609b39415b4,,ea02300144a03bd2605ebbdab5fd629cf41f2231f6b4a535757a3fe695f9be81,adaeb63fdadda792955d8c4897837179403501f8287b303a1497540f530ede53,
pilot,heuristic,1,1,10007,5638e05d930dc08f3db97674e88b7375c253931cf8a879a0f817fbd3358d6646,10000,3998,10000,cap_reached,1.336,12e05937e613e64fc618b7b3a6f2d329cbe0cef37485fdf356cde609b39415b4,,ea02300144a03bd2605ebbdab5fd629cf41f2231f6b4a535757a3fe695f9be81,d45f878093f25a761eb705acbf21bb420fd262b7ca41c68055f393307aea9a61,
pilot,heuristic,1,1,10008,1dace9f116db9bdcedaaf91ec50eda100281d4c6d91f79ef2c075e30ac7d2055,10000,1734,4378,top_out,0.598,12e05937e613e64fc618b7b3a6f2d329cbe0cef37485fdf356cde609b39415b4,,ea02300144a03bd2605ebbdab5fd629cf41f2231f6b4a535757a3fe695f9be81,55781738e076e8fc2f754bd78f23c7d784f24da8ec8203b01722ccb10a8f567d,
pilot,heuristic,1,1,10009,422cbf7971bae3e3955aeeb6deb290820a167b42030c0ab78b2f74c59006afca,10000,637,1635,top_out,0.207,12e05937e613e64fc618b7b3a6f2d329cbe0cef37485fdf356cde609b39415b4,,ea02300144a03bd2605ebbdab5fd629cf41f2231f6b4a535757a3fe695f9be81,9bafe3e88feaec61307e10569507bad4462a58a59e47c5f2154a015162f807af,
pilot,heuristic,1,1,10010,9c68182fb9cc7aae420035c47da0f68f9e3049709b9c4a10703318efc78694a7,10000,2354,5928,top_out,0.78,12e05937e613e64fc618b7b3a6f2d329cbe0cef37485fdf356cde609b39415b4,,ea02300144a03bd2605ebbdab5fd629cf41f2231f6b4a535757a3fe695f9be81,a7601d4e07e323180d8370445525bb51541c271335f2bc508c96362f23cfb4ce,
pilot,heuristic,1,1,10011,13667fb31e53ec57bdedd21989c004580a0c214115a10f0966968395e3497d9b,10000,407,1061,top_out,0.137,12e05937e613e64fc618b7b3a6f2d329cbe0cef37485fdf356cde609b39415b4,,ea02300144a03bd2605ebbdab5fd629cf41f2231f6b4a535757a3fe695f9be81,5e1ab829b1549f79be4a11049f16e8e66d510d79b8b2c2a934ce4d7c4f3983bb,
pilot,heuristic,1,1,10012,e8ac57208a2e63a0c04547c3432926df3b3d621c3bc5f882a5c0dc8483fb8c94,10000,3546,8908,top_out,1.144,12e05937e613e64fc618b7b3a6f2d329cbe0cef37485fdf356cde609b39415b4,,ea02300144a03bd2605ebbdab5fd629cf41f2231f6b4a535757a3fe695f9be81,3c9356f29a0e54c96a31f0acc4f76f644bd4fde24e9d87921fddb1eb3a469668,
pilot,heuristic,1,1,10013,a46a8bdacdb71d7956db4d0f1c41e18b1fcedbb02b7ff59c504ef3401ed0b6a6,10000,3998,10000,cap_reached,1.279,12e05937e613e64fc618b7b3a6f2d329cbe0cef37485fdf356cde609b39415b4,,ea02300144a03bd2605ebbdab5fd629cf41f2231f6b4a535757a3fe695f9be81,ebd5db922026590fde9c56b770b7ea6116cebbf2a64b1bcd53776c563412ffdd,
pilot,heuristic,1,1,10014,f4567d3484cfc6aa2a018489c63d7f246c789f32033b29b82626217c2adcf65f,10000,3996,10000,cap_reached,1.319,12e05937e613e64fc618b7b3a6f2d329cbe0cef37485fdf356cde609b39415b4,,ea02300144a03bd2605ebbdab5fd629cf41f2231f6b4a535757a3fe695f9be81,624c4be13663129035a4935f8e6254118d8e60e16b662179e23207e42bf92902,
pilot,heuristic,1,1,10015,ee66b819b1d8b674164fcc83718b7eeee7e5f673ff81ad68f9958779b8261e81,10000,3999,10000,cap_reached,1.353,12e05937e613e64fc618b7b3a6f2d329cbe0cef37485fdf356cde609b39415b4,,ea02300144a03bd2605ebbdab5fd629cf41f2231f6b4a535757a3fe695f9be81,ebe502c49513d7f2c4e829eb56a4dc8b650e7dffbe4ef9bd9f3ad91fdb4f67d8,
pilot,heuristic,1,1,10016,476fead0fc61df995f972cf01e9be03f4fd56229b76e5b5ee51d733f3ba9ba86,10000,3997,10000,cap_reached,1.318,12e05937e613e64fc618b7b3a6f2d329cbe0cef37485fdf356cde609b39415b4,,ea02300144a03bd2605ebbdab5fd629cf41f2231f6b4a535757a3fe695f9be81,034843f28fcee43efc6e7e72ba0b11cd60964620c61fa2d7d401619e01fa271d,
pilot,heuristic,1,1,10017,7b39471278ec0b132fb6c7fab6b599339ebf7c3fc66b6958bc165bbd5b5a0b92,10000,3995,10000,cap_reached,1.28,12e05937e613e64fc618b7b3a6f2d329cbe0cef37485fdf356cde609b39415b4,,ea02300144a03bd2605ebbdab5fd629cf41f2231f6b4a535757a3fe695f9be81,07f4ff86874dc01431073563ecfb5731d9ea84bcb05f3b317ffa280fe9d84382,
pilot,heuristic,1,1,10018,64ed5c06c4e0a8b6085baa7a9dce7c664a2be54349be28231856e180aa6c5bc0,10000,3998,10000,cap_reached,1.262,12e05937e613e64fc618b7b3a6f2d329cbe0cef37485fdf356cde609b39415b4,,ea02300144a03bd2605ebbdab5fd629cf41f2231f6b4a535757a3fe695f9be81,80d936106ea12321d7f6ce9ca412a73614383b0eb5bf89e4783bbd4739eef164,
pilot,heuristic,1,1,10019,cee6774528d041679a5861bfb65d3de28c80fa9406682993f2394c0756c87101,10000,3992,10000,cap_reached,1.261,12e05937e613e64fc618b7b3a6f2d329cbe0cef37485fdf356cde609b39415b4,,ea02300144a03bd2605ebbdab5fd629cf41f2231f6b4a535757a3fe695f9be81,442235ef37f9986c1413e91baad1cbdff94317fcbfa53b8bd9da6933b702608d,
pilot,heuristic,1,5,10000,06ed0a8335c2502ed7ba9a073329cea9770dfb8f908237bae7265ed1567621d0,10000,3397,8535,top_out,1.082,12e05937e613e64fc618b7b3a6f2d329cbe0cef37485fdf356cde609b39415b4,,ea02300144a03bd2605ebbdab5fd629cf41f2231f6b4a535757a3fe695f9be81,a711975840b87d1f7d1fee81e77e9d85c82184b41fb5e423a70ade53db369e90,
pilot,heuristic,1,5,10001,26924a12a6dbb17532e9cdca6c28505940bedfb47a8318bf1bcdbcf3ddb9bdea,10000,3998,10000,cap_reached,1.307,12e05937e613e64fc618b7b3a6f2d329cbe0cef37485fdf356cde609b39415b4,,ea02300144a03bd2605ebbdab5fd629cf41f2231f6b4a535757a3fe695f9be81,7c8438d149e8aca5d89adc7f4ee8d96bc94ac87815640dd300aeb43a4bbd295a,
pilot,heuristic,1,5,10002,0c8f8ef4f0b2d7eaaa415e7b7424b631586e0c1c2474e665ee48dd5a470db793,10000,3996,10000,cap_reached,1.272,12e05937e613e64fc618b7b3a6f2d329cbe0cef37485fdf356cde609b39415b4,,ea02300144a03bd2605ebbdab5fd629cf41f2231f6b4a535757a3fe695f9be81,6170dfadf392abab4f13ca10d2ee05f9839a1cc5ab8af58c274095c8eb3a3de1,
pilot,heuristic,1,5,10003,b866cddd14ef7a6af94ffe2fa91a8aff3f1979fa633f770dd35d2918e2cec20b,10000,3998,10000,cap_reached,1.25,12e05937e613e64fc618b7b3a6f2d329cbe0cef37485fdf356cde609b39415b4,,ea02300144a03bd2605ebbdab5fd629cf41f2231f6b4a535757a3fe695f9be81,a231c3d115ed5ffdedcc44b3aa62dd0535359be06017c112e649d5bff70606d4,
pilot,heuristic,1,5,10004,672f993cd08e5ae9886dd785d7938778022d052b000044293d2105e3cec30a76,10000,369,964,top_out,0.126,12e05937e613e64fc618b7b3a6f2d329cbe0cef37485fdf356cde609b39415b4,,ea02300144a03bd2605ebbdab5fd629cf41f2231f6b4a535757a3fe695f9be81,2fd7a0f9bc43dfd8b41d7a191ed4166ebd5dd2b0daff13ddf3aa4454163217bc,
pilot,heuristic,1,5,10005,5e72721988363eccc85605a83a0833952009569565d88e66f924ac5e158289c6,10000,3997,10000,cap_reached,1.261,12e05937e613e64fc618b7b3a6f2d329cbe0cef37485fdf356cde609b39415b4,,ea02300144a03bd2605ebbdab5fd629cf41f2231f6b4a535757a3fe695f9be81,df5715661f93114379ebbcd51d64dfe5516859324bb8a314c3d9baa570518f33,
pilot,heuristic,1,5,10006,aa3e7c06987dbfc267ef63d4171c29e326fae529d31627f35d20d956b5ab0334,10000,3998,10000,cap_reached,1.251,12e05937e613e64fc618b7b3a6f2d329cbe0cef37485fdf356cde609b39415b4,,ea02300144a03bd2605ebbdab5fd629cf41f2231f6b4a535757a3fe695f9be81,f8cbb431aa03a37e191ed874850acfb21598d86cc974eedce23606a830aa8b62,
pilot,heuristic,1,5,10007,5638e05d930dc08f3db97674e88b7375c253931cf8a879a0f817fbd3358d6646,10000,3995,10000,cap_reached,1.263,12e05937e613e64fc618b7b3a6f2d329cbe0cef37485fdf356cde609b39415b4,,ea02300144a03bd2605ebbdab5fd629cf41f2231f6b4a535757a3fe695f9be81,1083490ed25518f93741c0b003006899f4261b12da6a279ccce55649df6cffab,
pilot,heuristic,1,5,10008,1dace9f116db9bdcedaaf91ec50eda100281d4c6d91f79ef2c075e30ac7d2055,10000,3999,10000,cap_reached,1.266,12e05937e613e64fc618b7b3a6f2d329cbe0cef37485fdf356cde609b39415b4,,ea02300144a03bd2605ebbdab5fd629cf41f2231f6b4a535757a3fe695f9be81,be948d890a5ce8da8e3a083c344ca9c60744b8a953b161159e76fe06a1af984f,
pilot,heuristic,1,5,10009,422cbf7971bae3e3955aeeb6deb290820a167b42030c0ab78b2f74c59006afca,10000,3994,10000,cap_reached,1.319,12e05937e613e64fc618b7b3a6f2d329cbe0cef37485fdf356cde609b39415b4,,ea02300144a03bd2605ebbdab5fd629cf41f2231f6b4a535757a3fe695f9be81,52ebe5ee6a6dfdeeaf44f105c37f9e351a73eff3e5d27c6180801bba53094adc,
pilot,heuristic,1,5,10010,9c68182fb9cc7aae420035c47da0f68f9e3049709b9c4a10703318efc78694a7,10000,2552,6423,top_out,0.82,12e05937e613e64fc618b7b3a6f2d329cbe0cef37485fdf356cde609b39415b4,,ea02300144a03bd2605ebbdab5fd629cf41f2231f6b4a535757a3fe695f9be81,5b49a75ad3f6aa1dd57c30b1ea22c624686328aa628df8bbafd05454f8ac065e,
pilot,heuristic,1,5,10011,13667fb31e53ec57bdedd21989c004580a0c214115a10f0966968395e3497d9b,10000,3992,10000,cap_reached,1.291,12e05937e613e64fc618b7b3a6f2d329cbe0cef37485fdf356cde609b39415b4,,ea02300144a03bd2605ebbdab5fd629cf41f2231f6b4a535757a3fe695f9be81,4ad2c6fc3707165c3c8665d7331005784d32f4186a4c1348836e49c99aecd93d,
pilot,heuristic,1,5,10012,e8ac57208a2e63a0c04547c3432926df3b3d621c3bc5f882a5c0dc8483fb8c94,10000,1372,3472,top_out,0.464,12e05937e613e64fc618b7b3a6f2d329cbe0cef37485fdf356cde609b39415b4,,ea02300144a03bd2605ebbdab5fd629cf41f2231f6b4a535757a3fe695f9be81,def5636cd7ffcb297b623c4afab93a0b53570e23c560f300e0704c3338c5f4d9,
pilot,heuristic,1,5,10013,a46a8bdacdb71d7956db4d0f1c41e18b1fcedbb02b7ff59c504ef3401ed0b6a6,10000,3509,8814,top_out,1.121,12e05937e613e64fc618b7b3a6f2d329cbe0cef37485fdf356cde609b39415b4,,ea02300144a03bd2605ebbdab5fd629cf41f2231f6b4a535757a3fe695f9be81,733f87f60bc4f33bb176f47e90e2c6c3c91da85f3797196e9f340ab41baa1d9f,
pilot,heuristic,1,5,10014,f4567d3484cfc6aa2a018489c63d7f246c789f32033b29b82626217c2adcf65f,10000,425,1105,top_out,0.143,12e05937e613e64fc618b7b3a6f2d329cbe0cef37485fdf356cde609b39415b4,,ea02300144a03bd2605ebbdab5fd629cf41f2231f6b4a535757a3fe695f9be81,b822638808b870cda13eb11f6d70704d3b4de5bcbae092804f820017ccf17985,
pilot,heuristic,1,5,10015,ee66b819b1d8b674164fcc83718b7eeee7e5f673ff81ad68f9958779b8261e81,10000,1859,4689,top_out,0.611,12e05937e613e64fc618b7b3a6f2d329cbe0cef37485fdf356cde609b39415b4,,ea02300144a03bd2605ebbdab5fd629cf41f2231f6b4a535757a3fe695f9be81,32d5e7d885a9072db61297a0cb2063f30e7a191411192bee499dfa31f81e8a1f,
pilot,heuristic,1,5,10016,476fead0fc61df995f972cf01e9be03f4fd56229b76e5b5ee51d733f3ba9ba86,10000,2175,5479,top_out,0.71,12e05937e613e64fc618b7b3a6f2d329cbe0cef37485fdf356cde609b39415b4,,ea02300144a03bd2605ebbdab5fd629cf41f2231f6b4a535757a3fe695f9be81,c3e069b1ad39be9037253a7913f18be12eb46359b277771ce9866fc0e3591918,
pilot,heuristic,1,5,10017,7b39471278ec0b132fb6c7fab6b599339ebf7c3fc66b6958bc165bbd5b5a0b92,10000,3994,10000,cap_reached,1.285,12e05937e613e64fc618b7b3a6f2d329cbe0cef37485fdf356cde609b39415b4,,ea02300144a03bd2605ebbdab5fd629cf41f2231f6b4a535757a3fe695f9be81,c39f8642f98f6a755786c4f4bf21ab330085c28849306cc1e3bd36cff4f7445e,
pilot,heuristic,1,5,10018,64ed5c06c4e0a8b6085baa7a9dce7c664a2be54349be28231856e180aa6c5bc0,10000,3992,10000,cap_reached,1.309,12e05937e613e64fc618b7b3a6f2d329cbe0cef37485fdf356cde609b39415b4,,ea02300144a03bd2605ebbdab5fd629cf41f2231f6b4a535757a3fe695f9be81,30abaaafa4b8086ac0cadb26c1779c13fe6f9e60067595eab76debc921039d6c,
pilot,heuristic,1,5,10019,cee6774528d041679a5861bfb65d3de28c80fa9406682993f2394c0756c87101,10000,1270,3218,top_out,0.426,12e05937e613e64fc618b7b3a6f2d329cbe0cef37485fdf356cde609b39415b4,,ea02300144a03bd2605ebbdab5fd629cf41f2231f6b4a535757a3fe695f9be81,d58e85ac11a5e94629973983cfb4c59eef6c2c66c2057b768eba38e43121bd46,
pilot,heuristic,1,6,10000,06ed0a8335c2502ed7ba9a073329cea9770dfb8f908237bae7265ed1567621d0,10000,289,764,top_out,0.106,12e05937e613e64fc618b7b3a6f2d329cbe0cef37485fdf356cde609b39415b4,,ea02300144a03bd2605ebbdab5fd629cf41f2231f6b4a535757a3fe695f9be81,bcd5b1c36eb4417e13b8d7ce85ca4ee054d21adab093bca6dda6945301445ba6,
pilot,heuristic,1,6,10001,26924a12a6dbb17532e9cdca6c28505940bedfb47a8318bf1bcdbcf3ddb9bdea,10000,390,1018,top_out,0.134,12e05937e613e64fc618b7b3a6f2d329cbe0cef37485fdf356cde609b39415b4,,ea02300144a03bd2605ebbdab5fd629cf41f2231f6b4a535757a3fe695f9be81,41cd74ec116257ee33b5cb12451b6fba41269d310974f09d5cc88ea5263d612a,
pilot,heuristic,1,6,10002,0c8f8ef4f0b2d7eaaa415e7b7424b631586e0c1c2474e665ee48dd5a470db793,10000,424,1104,top_out,0.144,12e05937e613e64fc618b7b3a6f2d329cbe0cef37485fdf356cde609b39415b4,,ea02300144a03bd2605ebbdab5fd629cf41f2231f6b4a535757a3fe695f9be81,10e5186cbfb13b8b8917118af49d75c29773393162e56639858f5763e1011ee6,
pilot,heuristic,1,6,10003,b866cddd14ef7a6af94ffe2fa91a8aff3f1979fa633f770dd35d2918e2cec20b,10000,1035,2629,top_out,0.34,12e05937e613e64fc618b7b3a6f2d329cbe0cef37485fdf356cde609b39415b4,,ea02300144a03bd2605ebbdab5fd629cf41f2231f6b4a535757a3fe695f9be81,65b1beac4988c4b799549faf873cba3da45a5c84d4d3701cb9553631a25012bb,
pilot,heuristic,1,6,10004,672f993cd08e5ae9886dd785d7938778022d052b000044293d2105e3cec30a76,10000,358,938,top_out,0.121,12e05937e613e64fc618b7b3a6f2d329cbe0cef37485fdf356cde609b39415b4,,ea02300144a03bd2605ebbdab5fd629cf41f2231f6b4a535757a3fe695f9be81,624b91f22481bfe149e3161d6f65e1c35a9a83b33ccb5eb64b35e66fe54746d6,
pilot,heuristic,1,6,10005,5e72721988363eccc85605a83a0833952009569565d88e66f924ac5e158289c6,10000,682,1748,top_out,0.23,12e05937e613e64fc618b7b3a6f2d329cbe0cef37485fdf356cde609b39415b4,,ea02300144a03bd2605ebbdab5fd629cf41f2231f6b4a535757a3fe695f9be81,d690931fef6c0e888555546ad897de0e5f1e8096c81b656523bbc161bcda7b90,
pilot,heuristic,1,6,10006,aa3e7c06987dbfc267ef63d4171c29e326fae529d31627f35d20d956b5ab0334,10000,3776,9482,top_out,1.297,12e05937e613e64fc618b7b3a6f2d329cbe0cef37485fdf356cde609b39415b4,,ea02300144a03bd2605ebbdab5fd629cf41f2231f6b4a535757a3fe695f9be81,a46892f7fd2f707bd5bec90039fed98c4f23a0745632c627afe612636f8f40db,
pilot,heuristic,1,6,10007,5638e05d930dc08f3db97674e88b7375c253931cf8a879a0f817fbd3358d6646,10000,1072,2723,top_out,0.384,12e05937e613e64fc618b7b3a6f2d329cbe0cef37485fdf356cde609b39415b4,,ea02300144a03bd2605ebbdab5fd629cf41f2231f6b4a535757a3fe695f9be81,5903effe7c36b7c8798527974a50f8cacb6747ad971331585edb1bfa2931a5f4,
pilot,heuristic,1,6,10008,1dace9f116db9bdcedaaf91ec50eda100281d4c6d91f79ef2c075e30ac7d2055,10000,305,806,top_out,0.115,12e05937e613e64fc618b7b3a6f2d329cbe0cef37485fdf356cde609b39415b4,,ea02300144a03bd2605ebbdab5fd629cf41f2231f6b4a535757a3fe695f9be81,64f0aca04fa46ed9ff6b1730f4398ddb9651a5b309f0eec2c4e9a78c8f8e904b,
pilot,heuristic,1,6,10009,422cbf7971bae3e3955aeeb6deb290820a167b42030c0ab78b2f74c59006afca,10000,3369,8464,top_out,1.107,12e05937e613e64fc618b7b3a6f2d329cbe0cef37485fdf356cde609b39415b4,,ea02300144a03bd2605ebbdab5fd629cf41f2231f6b4a535757a3fe695f9be81,537b9cc4f98ca69c2d9f1753132ded8999c7392c1454c21229b2fc37a4a67be5,
pilot,heuristic,1,6,10010,9c68182fb9cc7aae420035c47da0f68f9e3049709b9c4a10703318efc78694a7,10000,394,1028,top_out,0.134,12e05937e613e64fc618b7b3a6f2d329cbe0cef37485fdf356cde609b39415b4,,ea02300144a03bd2605ebbdab5fd629cf41f2231f6b4a535757a3fe695f9be81,863d5f05070abba6de8fc5532aa875d288048aabcb25ea43f3ea21100c8432f9,
pilot,heuristic,1,6,10011,13667fb31e53ec57bdedd21989c004580a0c214115a10f0966968395e3497d9b,10000,520,1343,top_out,0.187,12e05937e613e64fc618b7b3a6f2d329cbe0cef37485fdf356cde609b39415b4,,ea02300144a03bd2605ebbdab5fd629cf41f2231f6b4a535757a3fe695f9be81,a23bea3cf1cefa2b4e90f100b4ef7ab7729406d5fad6eea4f8b37c4da3183b13,
pilot,heuristic,1,6,10012,e8ac57208a2e63a0c04547c3432926df3b3d621c3bc5f882a5c0dc8483fb8c94,10000,289,765,top_out,0.109,12e05937e613e64fc618b7b3a6f2d329cbe0cef37485fdf356cde609b39415b4,,ea02300144a03bd2605ebbdab5fd629cf41f2231f6b4a535757a3fe695f9be81,f814f775cb4cd798e11b9bd97e8c690cb60a730ac4932af3b0a17c3b28fb81a7,
pilot,heuristic,1,6,10013,a46a8bdacdb71d7956db4d0f1c41e18b1fcedbb02b7ff59c504ef3401ed0b6a6,10000,397,1036,top_out,0.143,12e05937e613e64fc618b7b3a6f2d329cbe0cef37485fdf356cde609b39415b4,,ea02300144a03bd2605ebbdab5fd629cf41f2231f6b4a535757a3fe695f9be81,d519deb72195a6676fd8b9ad49ad1ed055708b04fdc1a5ee635efd8037a9fd40,
pilot,heuristic,1,6,10014,f4567d3484cfc6aa2a018489c63d7f246c789f32033b29b82626217c2adcf65f,10000,791,2020,top_out,0.305,12e05937e613e64fc618b7b3a6f2d329cbe0cef37485fdf356cde609b39415b4,,ea02300144a03bd2605ebbdab5fd629cf41f2231f6b4a535757a3fe695f9be81,7940f479f6f6dfb4c0846d2dfc577f72ce98843e3f216411d92d2c0fe54efd16,
pilot,heuristic,1,6,10015,ee66b819b1d8b674164fcc83718b7eeee7e5f673ff81ad68f9958779b8261e81,10000,185,505,top_out,0.066,12e05937e613e64fc618b7b3a6f2d329cbe0cef37485fdf356cde609b39415b4,,ea02300144a03bd2605ebbdab5fd629cf41f2231f6b4a535757a3fe695f9be81,0c5c1dc28851234b9ef13e60917385f19650cfa4c56e8216f2de86375122dca9,
pilot,heuristic,1,6,10016,476fead0fc61df995f972cf01e9be03f4fd56229b76e5b5ee51d733f3ba9ba86,10000,1785,4506,top_out,0.621,12e05937e613e64fc618b7b3a6f2d329cbe0cef37485fdf356cde609b39415b4,,ea02300144a03bd2605ebbdab5fd629cf41f2231f6b4a535757a3fe695f9be81,ea5b543a2acc0dac199cbadbb7d7da7733b497b41a80a47187c312748b92060a,
pilot,heuristic,1,6,10017,7b39471278ec0b132fb6c7fab6b599339ebf7c3fc66b6958bc165bbd5b5a0b92,10000,1450,3668,top_out,0.51,12e05937e613e64fc618b7b3a6f2d329cbe0cef37485fdf356cde609b39415b4,,ea02300144a03bd2605ebbdab5fd629cf41f2231f6b4a535757a3fe695f9be81,30132cfd3ad3991fc4f5958c581643f9725ca821249c2886c439dc1497c2fd76,
pilot,heuristic,1,6,10018,64ed5c06c4e0a8b6085baa7a9dce7c664a2be54349be28231856e180aa6c5bc0,10000,180,493,top_out,0.07,12e05937e613e64fc618b7b3a6f2d329cbe0cef37485fdf356cde609b39415b4,,ea02300144a03bd2605ebbdab5fd629cf41f2231f6b4a535757a3fe695f9be81,444ab9938764720d70d150d150b0cfb0c0a1dcdb9df5d45768801eda1f723a8b,
pilot,heuristic,1,6,10019,cee6774528d041679a5861bfb65d3de28c80fa9406682993f2394c0756c87101,10000,112,323,top_out,0.042,12e05937e613e64fc618b7b3a6f2d329cbe0cef37485fdf356cde609b39415b4,,ea02300144a03bd2605ebbdab5fd629cf41f2231f6b4a535757a3fe695f9be81,60c0edfbf725143044b862c8c6c0aad0b8cb645301c9d6e23e6d374abebb8305,
pilot,heuristic,1,7,10000,06ed0a8335c2502ed7ba9a073329cea9770dfb8f908237bae7265ed1567621d0,10000,236,634,top_out,0.084,12e05937e613e64fc618b7b3a6f2d329cbe0cef37485fdf356cde609b39415b4,,ea02300144a03bd2605ebbdab5fd629cf41f2231f6b4a535757a3fe695f9be81,20580d816b4812f0b2336ba6b2d3548187904c87684351e70a38a35cbd18e46f,
pilot,heuristic,1,7,10001,26924a12a6dbb17532e9cdca6c28505940bedfb47a8318bf1bcdbcf3ddb9bdea,10000,380,992,top_out,0.14,12e05937e613e64fc618b7b3a6f2d329cbe0cef37485fdf356cde609b39415b4,,ea02300144a03bd2605ebbdab5fd629cf41f2231f6b4a535757a3fe695f9be81,486a1ee95c8572e179e092bf75c8f00f6daf10a4ea6f76a71bc4122d174d4490,
pilot,heuristic,1,7,10002,0c8f8ef4f0b2d7eaaa415e7b7424b631586e0c1c2474e665ee48dd5a470db793,10000,97,286,top_out,0.041,12e05937e613e64fc618b7b3a6f2d329cbe0cef37485fdf356cde609b39415b4,,ea02300144a03bd2605ebbdab5fd629cf41f2231f6b4a535757a3fe695f9be81,83ed0c46de837922d97c84fed66a0ef95604d2daf10fd19fa62e8320ee4cde80,
pilot,heuristic,1,7,10003,b866cddd14ef7a6af94ffe2fa91a8aff3f1979fa633f770dd35d2918e2cec20b,10000,159,440,top_out,0.059,12e05937e613e64fc618b7b3a6f2d329cbe0cef37485fdf356cde609b39415b4,,ea02300144a03bd2605ebbdab5fd629cf41f2231f6b4a535757a3fe695f9be81,2413d47b9ff14f9e1e0c366e134cc4aa6f630538c583ed2d16975d707dd573df,
pilot,heuristic,1,7,10004,672f993cd08e5ae9886dd785d7938778022d052b000044293d2105e3cec30a76,10000,71,220,top_out,0.031,12e05937e613e64fc618b7b3a6f2d329cbe0cef37485fdf356cde609b39415b4,,ea02300144a03bd2605ebbdab5fd629cf41f2231f6b4a535757a3fe695f9be81,62f03132e83cb06ed29910970461383a9d5b85e969053a0bff76038ca3539db8,
pilot,heuristic,1,7,10005,5e72721988363eccc85605a83a0833952009569565d88e66f924ac5e158289c6,10000,302,796,top_out,0.111,12e05937e613e64fc618b7b3a6f2d329cbe0cef37485fdf356cde609b39415b4,,ea02300144a03bd2605ebbdab5fd629cf41f2231f6b4a535757a3fe695f9be81,93fd29ae970861d30a2fe677b7d10c407dbda696b6c397712a83c8a58847fc4c,
pilot,heuristic,1,7,10006,aa3e7c06987dbfc267ef63d4171c29e326fae529d31627f35d20d956b5ab0334,10000,716,1832,top_out,0.259,12e05937e613e64fc618b7b3a6f2d329cbe0cef37485fdf356cde609b39415b4,,ea02300144a03bd2605ebbdab5fd629cf41f2231f6b4a535757a3fe695f9be81,390a6e05ff7983486690065b1b8917f9b5454aabf74aa00bf189d4970d40b18e,
pilot,heuristic,1,7,10007,5638e05d930dc08f3db97674e88b7375c253931cf8a879a0f817fbd3358d6646,10000,437,1137,top_out,0.159,12e05937e613e64fc618b7b3a6f2d329cbe0cef37485fdf356cde609b39415b4,,ea02300144a03bd2605ebbdab5fd629cf41f2231f6b4a535757a3fe695f9be81,66604bc24cf64c145f85e9b6a0926ea6052c59c27f7372af3bfd920cd6f4646b,
pilot,heuristic,1,7,10008,1dace9f116db9bdcedaaf91ec50eda100281d4c6d91f79ef2c075e30ac7d2055,10000,160,442,top_out,0.068,12e05937e613e64fc618b7b3a6f2d329cbe0cef37485fdf356cde609b39415b4,,ea02300144a03bd2605ebbdab5fd629cf41f2231f6b4a535757a3fe695f9be81,0cf5b0288a83fcda22eedfd13eb36544dcbe598b260f1cfdfda4e8114c1e48da,
pilot,heuristic,1,7,10009,422cbf7971bae3e3955aeeb6deb290820a167b42030c0ab78b2f74c59006afca,10000,170,468,top_out,0.074,12e05937e613e64fc618b7b3a6f2d329cbe0cef37485fdf356cde609b39415b4,,ea02300144a03bd2605ebbdab5fd629cf41f2231f6b4a535757a3fe695f9be81,a23d683fb1ddd96f1802b2b7c8e521168b4772f869f428bfde37da157e754e9e,
pilot,heuristic,1,7,10010,9c68182fb9cc7aae420035c47da0f68f9e3049709b9c4a10703318efc78694a7,10000,140,393,top_out,0.062,12e05937e613e64fc618b7b3a6f2d329cbe0cef37485fdf356cde609b39415b4,,ea02300144a03bd2605ebbdab5fd629cf41f2231f6b4a535757a3fe695f9be81,b058abc2cee7a4a0dcb21543fc6568322710dd53865fe05097edd93d97fef177,
pilot,heuristic,1,7,10011,13667fb31e53ec57bdedd21989c004580a0c214115a10f0966968395e3497d9b,10000,161,446,top_out,0.067,12e05937e613e64fc618b7b3a6f2d329cbe0cef37485fdf356cde609b39415b4,,ea02300144a03bd2605ebbdab5fd629cf41f2231f6b4a535757a3fe695f9be81,5d637448898b84a1a3e7122fb3bc6472fc0f5004bdcd518fc98c92c8443c9698,
pilot,heuristic,1,7,10012,e8ac57208a2e63a0c04547c3432926df3b3d621c3bc5f882a5c0dc8483fb8c94,10000,252,672,top_out,0.099,12e05937e613e64fc618b7b3a6f2d329cbe0cef37485fdf356cde609b39415b4,,ea02300144a03bd2605ebbdab5fd629cf41f2231f6b4a535757a3fe695f9be81,8c9067567b24ec8d71d5b1a3904dc3d35e1738124f052dcc4622e62457e37f6f,
pilot,heuristic,1,7,10013,a46a8bdacdb71d7956db4d0f1c41e18b1fcedbb02b7ff59c504ef3401ed0b6a6,10000,173,476,top_out,0.068,12e05937e613e64fc618b7b3a6f2d329cbe0cef37485fdf356cde609b39415b4,,ea02300144a03bd2605ebbdab5fd629cf41f2231f6b4a535757a3fe695f9be81,765be5a7a41e73dc921de791f0df01bc779eb4b3d5ca49c0bbe5d82d6adb3fcc,
pilot,heuristic,1,7,10014,f4567d3484cfc6aa2a018489c63d7f246c789f32033b29b82626217c2adcf65f,10000,497,1285,top_out,0.175,12e05937e613e64fc618b7b3a6f2d329cbe0cef37485fdf356cde609b39415b4,,ea02300144a03bd2605ebbdab5fd629cf41f2231f6b4a535757a3fe695f9be81,d1fa0852f9a09687b4790717e19c6ad607dc2d0c4bdfee67dbcf26f45609f116,
pilot,heuristic,1,7,10015,ee66b819b1d8b674164fcc83718b7eeee7e5f673ff81ad68f9958779b8261e81,10000,405,1055,top_out,0.157,12e05937e613e64fc618b7b3a6f2d329cbe0cef37485fdf356cde609b39415b4,,ea02300144a03bd2605ebbdab5fd629cf41f2231f6b4a535757a3fe695f9be81,448c778daac60222c016c848fd43550c329106df5c6172573eb374af2e0885ca,
pilot,heuristic,1,7,10016,476fead0fc61df995f972cf01e9be03f4fd56229b76e5b5ee51d733f3ba9ba86,10000,116,333,top_out,0.051,12e05937e613e64fc618b7b3a6f2d329cbe0cef37485fdf356cde609b39415b4,,ea02300144a03bd2605ebbdab5fd629cf41f2231f6b4a535757a3fe695f9be81,4b1e21269c37ca506d7a86297648fb71a7c38ee0ba7d82b61a7c42cc9baca429,
pilot,heuristic,1,7,10017,7b39471278ec0b132fb6c7fab6b599339ebf7c3fc66b6958bc165bbd5b5a0b92,10000,231,620,top_out,0.091,12e05937e613e64fc618b7b3a6f2d329cbe0cef37485fdf356cde609b39415b4,,ea02300144a03bd2605ebbdab5fd629cf41f2231f6b4a535757a3fe695f9be81,5b1ec5f830f162dbd826080a944526481d14432f59817090c051c1e97d5dac4f,
pilot,heuristic,1,7,10018,64ed5c06c4e0a8b6085baa7a9dce7c664a2be54349be28231856e180aa6c5bc0,10000,269,715,top_out,0.102,12e05937e613e64fc618b7b3a6f2d329cbe0cef37485fdf356cde609b39415b4,,ea02300144a03bd2605ebbdab5fd629cf41f2231f6b4a535757a3fe695f9be81,d0cd3429e2163dc099c939cb97e59174b4304c9eaf874c41e59f25d6bfd8f188,
pilot,heuristic,1,7,10019,cee6774528d041679a5861bfb65d3de28c80fa9406682993f2394c0756c87101,10000,196,533,top_out,0.079,12e05937e613e64fc618b7b3a6f2d329cbe0cef37485fdf356cde609b39415b4,,ea02300144a03bd2605ebbdab5fd629cf41f2231f6b4a535757a3fe695f9be81,15393b77b111b02707dff3bcb0167ce11338bdd76f59d4ba5cb9b17301a96c6a,
pilot,random_legal,1,0,10000,06ed0a8335c2502ed7ba9a073329cea9770dfb8f908237bae7265ed1567621d0,10000,0,25,top_out,0.004,12e05937e613e64fc618b7b3a6f2d329cbe0cef37485fdf356cde609b39415b4,,ea02300144a03bd2605ebbdab5fd629cf41f2231f6b4a535757a3fe695f9be81,508aaeba69cf81d3a0cc0198298f3fff0d9f7f662300c4b7733d9bc97df3e9cd,
pilot,random_legal,1,0,10001,26924a12a6dbb17532e9cdca6c28505940bedfb47a8318bf1bcdbcf3ddb9bdea,10000,0,26,top_out,0.004,12e05937e613e64fc618b7b3a6f2d329cbe0cef37485fdf356cde609b39415b4,,ea02300144a03bd2605ebbdab5fd629cf41f2231f6b4a535757a3fe695f9be81,30f90cfb3cbfc30e66bdff02b1884357bdb813c0cd6d1e297cb63371efdd8314,
pilot,random_legal,1,0,10002,0c8f8ef4f0b2d7eaaa415e7b7424b631586e0c1c2474e665ee48dd5a470db793,10000,0,28,top_out,0.004,12e05937e613e64fc618b7b3a6f2d329cbe0cef37485fdf356cde609b39415b4,,ea02300144a03bd2605ebbdab5fd629cf41f2231f6b4a535757a3fe695f9be81,641cf19cb5ba542259aeb5be5b60380c326ddb036d6854fda7d1c18f83b95937,
pilot,random_legal,1,0,10003,b866cddd14ef7a6af94ffe2fa91a8aff3f1979fa633f770dd35d2918e2cec20b,10000,0,24,top_out,0.003,12e05937e613e64fc618b7b3a6f2d329cbe0cef37485fdf356cde609b39415b4,,ea02300144a03bd2605ebbdab5fd629cf41f2231f6b4a535757a3fe695f9be81,10c60592531d258b2d15fe23eefbfc66f53e85f201383c5b073340292c0b0c1f,
pilot,random_legal,1,0,10004,672f993cd08e5ae9886dd785d7938778022d052b000044293d2105e3cec30a76,10000,0,27,top_out,0.004,12e05937e613e64fc618b7b3a6f2d329cbe0cef37485fdf356cde609b39415b4,,ea02300144a03bd2605ebbdab5fd629cf41f2231f6b4a535757a3fe695f9be81,772d790747a711765d0b93836681a6cddf3ca865de79a9a2d07d53d108dbccc3,
pilot,random_legal,1,0,10005,5e72721988363eccc85605a83a0833952009569565d88e66f924ac5e158289c6,10000,0,31,top_out,0.004,12e05937e613e64fc618b7b3a6f2d329cbe0cef37485fdf356cde609b39415b4,,ea02300144a03bd2605ebbdab5fd629cf41f2231f6b4a535757a3fe695f9be81,67cbe5198172267712dddba27fe051b1760ba6e3edd4b1b08934cbf658c9f517,
pilot,random_legal,1,0,10006,aa3e7c06987dbfc267ef63d4171c29e326fae529d31627f35d20d956b5ab0334,10000,0,30,top_out,0.004,12e05937e613e64fc618b7b3a6f2d329cbe0cef37485fdf356cde609b39415b4,,ea02300144a03bd2605ebbdab5fd629cf41f2231f6b4a535757a3fe695f9be81,e63b5f53e2a409d3201fd8ba4125ea8c61cf66fc03d3d9c9517031144e7160d3,
pilot,random_legal,1,0,10007,5638e05d930dc08f3db97674e88b7375c253931cf8a879a0f817fbd3358d6646,10000,0,26,top_out,0.004,12e05937e613e64fc618b7b3a6f2d329cbe0cef37485fdf356cde609b39415b4,,ea02300144a03bd2605ebbdab5fd629cf41f2231f6b4a535757a3fe695f9be81,c17fdb59e0a58bbe3bde8acc3d2575746289ae345cf48e01d72aee2b69bff886,
pilot,random_legal,1,0,10008,1dace9f116db9bdcedaaf91ec50eda100281d4c6d91f79ef2c075e30ac7d2055,10000,0,23,top_out,0.003,12e05937e613e64fc618b7b3a6f2d329cbe0cef37485fdf356cde609b39415b4,,ea02300144a03bd2605ebbdab5fd629cf41f2231f6b4a535757a3fe695f9be81,fd181c3566730bc4770e137093473cf009f703b21295b7f0c7e08b0a0df96101,
pilot,random_legal,1,0,10009,422cbf7971bae3e3955aeeb6deb290820a167b42030c0ab78b2f74c59006afca,10000,0,29,top_out,0.004,12e05937e613e64fc618b7b3a6f2d329cbe0cef37485fdf356cde609b39415b4,,ea02300144a03bd2605ebbdab5fd629cf41f2231f6b4a535757a3fe695f9be81,36b9f8a7aa65d6a1c5edd20bb60cc9afc2dd00943314e0f8453284e60f62effb,
pilot,random_legal,1,0,10010,9c68182fb9cc7aae420035c47da0f68f9e3049709b9c4a10703318efc78694a7,10000,0,19,top_out,0.002,12e05937e613e64fc618b7b3a6f2d329cbe0cef37485fdf356cde609b39415b4,,ea02300144a03bd2605ebbdab5fd629cf41f2231f6b4a535757a3fe695f9be81,b87e342517bd08ab8afe414dcbfd9e5eea720eb52b6366753453f57b272c742b,
pilot,random_legal,1,0,10011,13667fb31e53ec57bdedd21989c004580a0c214115a10f0966968395e3497d9b,10000,0,26,top_out,0.004,12e05937e613e64fc618b7b3a6f2d329cbe0cef37485fdf356cde609b39415b4,,ea02300144a03bd2605ebbdab5fd629cf41f2231f6b4a535757a3fe695f9be81,4c2eaf2c2a5291734dc2b33cb0ab582d51dd0fe55b5710929ebb9ccf70fea213,
pilot,random_legal,1,0,10012,e8ac57208a2e63a0c04547c3432926df3b3d621c3bc5f882a5c0dc8483fb8c94,10000,0,29,top_out,0.004,12e05937e613e64fc618b7b3a6f2d329cbe0cef37485fdf356cde609b39415b4,,ea02300144a03bd2605ebbdab5fd629cf41f2231f6b4a535757a3fe695f9be81,6b11a9b3e1477f6bbdbd90b3926867e0ede969934d4866cddc2150a62e3bff36,
pilot,random_legal,1,0,10013,a46a8bdacdb71d7956db4d0f1c41e18b1fcedbb02b7ff59c504ef3401ed0b6a6,10000,0,23,top_out,0.003,12e05937e613e64fc618b7b3a6f2d329cbe0cef37485fdf356cde609b39415b4,,ea02300144a03bd2605ebbdab5fd629cf41f2231f6b4a535757a3fe695f9be81,256bd7388e6442bf074d2a8e6f3c1ad8248fcf9e54c60793232a44931d669c23,
pilot,random_legal,1,0,10014,f4567d3484cfc6aa2a018489c63d7f246c789f32033b29b82626217c2adcf65f,10000,0,23,top_out,0.003,12e05937e613e64fc618b7b3a6f2d329cbe0cef37485fdf356cde609b39415b4,,ea02300144a03bd2605ebbdab5fd629cf41f2231f6b4a535757a3fe695f9be81,279d3b49480f476353a175fbca7524035de41aff801c19dbd466a8bfcc9935f1,
pilot,random_legal,1,0,10015,ee66b819b1d8b674164fcc83718b7eeee7e5f673ff81ad68f9958779b8261e81,10000,0,24,top_out,0.003,12e05937e613e64fc618b7b3a6f2d329cbe0cef37485fdf356cde609b39415b4,,ea02300144a03bd2605ebbdab5fd629cf41f2231f6b4a535757a3fe695f9be81,356e5da6e452f7a6e756de256e9ff73fa7dcc579ee04381aac945976dd763ba3,
pilot,random_legal,1,0,10016,476fead0fc61df995f972cf01e9be03f4fd56229b76e5b5ee51d733f3ba9ba86,10000,0,25,top_out,0.003,12e05937e613e64fc618b7b3a6f2d329cbe0cef37485fdf356cde609b39415b4,,ea02300144a03bd2605ebbdab5fd629cf41f2231f6b4a535757a3fe695f9be81,552f7ccd8b6c4434143522b93e5d5556c5d81674badc62abfc940e82d9ff833f,
pilot,random_legal,1,0,10017,7b39471278ec0b132fb6c7fab6b599339ebf7c3fc66b6958bc165bbd5b5a0b92,10000,0,27,top_out,0.004,12e05937e613e64fc618b7b3a6f2d329cbe0cef37485fdf356cde609b39415b4,,ea02300144a03bd2605ebbdab5fd629cf41f2231f6b4a535757a3fe695f9be81,f2af97ed6e1080d0a9541256d2d25a9896e6ec6a51be1a445796b95b116c36ac,
pilot,random_legal,1,0,10018,64ed5c06c4e0a8b6085baa7a9dce7c664a2be54349be28231856e180aa6c5bc0,10000,0,28,top_out,0.004,12e05937e613e64fc618b7b3a6f2d329cbe0cef37485fdf356cde609b39415b4,,ea02300144a03bd2605ebbdab5fd629cf41f2231f6b4a535757a3fe695f9be81,9015beb0ef5050f4fe8ff80e15d45550db4835264823a1b321db69a118918195,
pilot,random_legal,1,0,10019,cee6774528d041679a5861bfb65d3de28c80fa9406682993f2394c0756c87101,10000,0,25,top_out,0.003,12e05937e613e64fc618b7b3a6f2d329cbe0cef37485fdf356cde609b39415b4,,ea02300144a03bd2605ebbdab5fd629cf41f2231f6b4a535757a3fe695f9be81,e3db7c6513d2a693aa96621c0781bce3067d5066c670ae4fc71221e3469c1197,
pilot50k,heuristic,1,0,10000,06ed0a8335c2502ed7ba9a073329cea9770dfb8f908237bae7265ed1567621d0,50000,7461,18695,top_out,2.658,12e05937e613e64fc618b7b3a6f2d329cbe0cef37485fdf356cde609b39415b4,,ea02300144a03bd2605ebbdab5fd629cf41f2231f6b4a535757a3fe695f9be81,d8c77fc4a242c3427802b2c0a214396578177def48676cc2b35df37307f972d5,
pilot50k,heuristic,1,0,10001,26924a12a6dbb17532e9cdca6c28505940bedfb47a8318bf1bcdbcf3ddb9bdea,50000,6043,15151,top_out,2.248,12e05937e613e64fc618b7b3a6f2d329cbe0cef37485fdf356cde609b39415b4,,ea02300144a03bd2605ebbdab5fd629cf41f2231f6b4a535757a3fe695f9be81,71d2f0afcbcacc1d9efa324af7a277319c7960daaf74bdc100eb59ccde64fd31,
pilot50k,heuristic,1,0,10002,0c8f8ef4f0b2d7eaaa415e7b7424b631586e0c1c2474e665ee48dd5a470db793,50000,2316,5833,top_out,0.779,12e05937e613e64fc618b7b3a6f2d329cbe0cef37485fdf356cde609b39415b4,,ea02300144a03bd2605ebbdab5fd629cf41f2231f6b4a535757a3fe695f9be81,f9f0023aa1dbfe26223addfb40ae23551b878206d01e863c3733d7d4dfe6df36,
pilot50k,heuristic,1,0,10003,b866cddd14ef7a6af94ffe2fa91a8aff3f1979fa633f770dd35d2918e2cec20b,50000,2876,7234,top_out,0.983,12e05937e613e64fc618b7b3a6f2d329cbe0cef37485fdf356cde609b39415b4,,ea02300144a03bd2605ebbdab5fd629cf41f2231f6b4a535757a3fe695f9be81,728527368f8b42176ce0160566ff3ba926b7831d85b7dea7e7d1bb5e49523035,
pilot50k,heuristic,1,0,10004,672f993cd08e5ae9886dd785d7938778022d052b000044293d2105e3cec30a76,50000,369,964,top_out,0.134,12e05937e613e64fc618b7b3a6f2d329cbe0cef37485fdf356cde609b39415b4,,ea02300144a03bd2605ebbdab5fd629cf41f2231f6b4a535757a3fe695f9be81,d0297d8695ebf9b4ca086c47fb7c235110c78f2360f53f895b44f37ceac0e591,
pilot50k,heuristic,1,0,10005,5e72721988363eccc85605a83a0833952009569565d88e66f924ac5e158289c6,50000,5517,13836,top_out,1.837,12e05937e613e64fc618b7b3a6f2d329cbe0cef37485fdf356cde609b39415b4,,ea02300144a03bd2605ebbdab5fd629cf41f2231f6b4a535757a3fe695f9be81,78253759ba08e6add06808f3cf022483638c18c39273f5c028eebb52d722ef3e,
pilot50k,heuristic,1,0,10006,aa3e7c06987dbfc267ef63d4171c29e326fae529d31627f35d20d956b5ab0334,50000,3556,8933,top_out,1.185,12e05937e613e64fc618b7b3a6f2d329cbe0cef37485fdf356cde609b39415b4,,ea02300144a03bd2605ebbdab5fd629cf41f2231f6b4a535757a3fe695f9be81,b0922878b6131dc0413fcfa2250007f22f9e16445dfb9c65550c57f4ff3bec81,
pilot50k,heuristic,1,0,10007,5638e05d930dc08f3db97674e88b7375c253931cf8a879a0f817fbd3358d6646,50000,3349,8415,top_out,1.086,12e05937e613e64fc618b7b3a6f2d329cbe0cef37485fdf356cde609b39415b4,,ea02300144a03bd2605ebbdab5fd629cf41f2231f6b4a535757a3fe695f9be81,69bcfa28af73d390f889a22bea59c5bc507f0b48c35c83ec6b1c3b5fab8e51c9,
pilot50k,heuristic,1,0,10008,1dace9f116db9bdcedaaf91ec50eda100281d4c6d91f79ef2c075e30ac7d2055,50000,5701,14296,top_out,1.826,12e05937e613e64fc618b7b3a6f2d329cbe0cef37485fdf356cde609b39415b4,,ea02300144a03bd2605ebbdab5fd629cf41f2231f6b4a535757a3fe695f9be81,14b0a197e55dea7796664127d7f6b1afbcf403675389e4ac3859dac2911c1cd0,
pilot50k,heuristic,1,0,10009,422cbf7971bae3e3955aeeb6deb290820a167b42030c0ab78b2f74c59006afca,50000,3164,7953,top_out,1.033,12e05937e613e64fc618b7b3a6f2d329cbe0cef37485fdf356cde609b39415b4,,ea02300144a03bd2605ebbdab5fd629cf41f2231f6b4a535757a3fe695f9be81,6a49b7c5e507e91ef7324b465a340dc7005d57f94cabe611b66470f05f673f92,
pilot50k,heuristic,1,0,10010,9c68182fb9cc7aae420035c47da0f68f9e3049709b9c4a10703318efc78694a7,50000,829,2115,top_out,0.279,12e05937e613e64fc618b7b3a6f2d329cbe0cef37485fdf356cde609b39415b4,,ea02300144a03bd2605ebbdab5fd629cf41f2231f6b4a535757a3fe695f9be81,5449ee986678c024410aa0976a359924656287b01392193d99214567cbd43d8b,
pilot50k,heuristic,1,0,10011,13667fb31e53ec57bdedd21989c004580a0c214115a10f0966968395e3497d9b,50000,4749,11916,top_out,1.737,12e05937e613e64fc618b7b3a6f2d329cbe0cef37485fdf356cde609b39415b4,,ea02300144a03bd2605ebbdab5fd629cf41f2231f6b4a535757a3fe695f9be81,a0d10c3346573540175ac1af2cc7ec67cbc09af63d739c10ba91c2afed68491e,
pilot50k,heuristic,1,0,10012,e8ac57208a2e63a0c04547c3432926df3b3d621c3bc5f882a5c0dc8483fb8c94,50000,1372,3472,top_out,0.502,12e05937e613e64fc618b7b3a6f2d329cbe0cef37485fdf356cde609b39415b4,,ea02300144a03bd2605ebbdab5fd629cf41f2231f6b4a535757a3fe695f9be81,cbdfd22ccae5e8da2a0802e9099ca398c8893004eb0f44274a80a7f5591232d6,
pilot50k,heuristic,1,0,10013,a46a8bdacdb71d7956db4d0f1c41e18b1fcedbb02b7ff59c504ef3401ed0b6a6,50000,3294,8278,top_out,1.167,12e05937e613e64fc618b7b3a6f2d329cbe0cef37485fdf356cde609b39415b4,,ea02300144a03bd2605ebbdab5fd629cf41f2231f6b4a535757a3fe695f9be81,536c96c9db477ee66f14395ae0d44d6ab84673eb292031e883654111346af630,
pilot50k,heuristic,1,0,10014,f4567d3484cfc6aa2a018489c63d7f246c789f32033b29b82626217c2adcf65f,50000,425,1105,top_out,0.152,12e05937e613e64fc618b7b3a6f2d329cbe0cef37485fdf356cde609b39415b4,,ea02300144a03bd2605ebbdab5fd629cf41f2231f6b4a535757a3fe695f9be81,1d3e698f2893f1b242cc138e559734b65f286c977c9cb37f2ae24657200bd984,
pilot50k,heuristic,1,0,10015,ee66b819b1d8b674164fcc83718b7eeee7e5f673ff81ad68f9958779b8261e81,50000,10535,26380,top_out,3.653,12e05937e613e64fc618b7b3a6f2d329cbe0cef37485fdf356cde609b39415b4,,ea02300144a03bd2605ebbdab5fd629cf41f2231f6b4a535757a3fe695f9be81,4885e10ea4cb8b2849b3d50916dec0de55b30490df2d13d21b117161cdce5b26,
pilot50k,heuristic,1,0,10016,476fead0fc61df995f972cf01e9be03f4fd56229b76e5b5ee51d733f3ba9ba86,50000,3003,7551,top_out,1.086,12e05937e613e64fc618b7b3a6f2d329cbe0cef37485fdf356cde609b39415b4,,ea02300144a03bd2605ebbdab5fd629cf41f2231f6b4a535757a3fe695f9be81,28ae6eec7bd0aade28d75d55b2addf654339c5b08dbe94b33cc14797ca173500,
pilot50k,heuristic,1,0,10017,7b39471278ec0b132fb6c7fab6b599339ebf7c3fc66b6958bc165bbd5b5a0b92,50000,3382,8497,top_out,1.262,12e05937e613e64fc618b7b3a6f2d329cbe0cef37485fdf356cde609b39415b4,,ea02300144a03bd2605ebbdab5fd629cf41f2231f6b4a535757a3fe695f9be81,993349cb79e27be81e5bee228c33e5aa628686b83b201e7f2a7f3e91d322e4b6,
pilot50k,heuristic,1,0,10018,64ed5c06c4e0a8b6085baa7a9dce7c664a2be54349be28231856e180aa6c5bc0,50000,9952,24922,top_out,3.601,12e05937e613e64fc618b7b3a6f2d329cbe0cef37485fdf356cde609b39415b4,,ea02300144a03bd2605ebbdab5fd629cf41f2231f6b4a535757a3fe695f9be81,10abeadd05eed93ba595866fed38c9f95103f2dd348d1f7d96a6a3411dd450e6,
pilot50k,heuristic,1,0,10019,cee6774528d041679a5861bfb65d3de28c80fa9406682993f2394c0756c87101,50000,5460,13693,top_out,2.005,12e05937e613e64fc618b7b3a6f2d329cbe0cef37485fdf356cde609b39415b4,,ea02300144a03bd2605ebbdab5fd629cf41f2231f6b4a535757a3fe695f9be81,6dddb4f434730ebf4de21478e07788ef0db230d9fc27075d138da9785ae2a301,
pilot50k,heuristic,1,1,10000,06ed0a8335c2502ed7ba9a073329cea9770dfb8f908237bae7265ed1567621d0,50000,19990,50000,cap_reached,7.02,12e05937e613e64fc618b7b3a6f2d329cbe0cef37485fdf356cde609b39415b4,,ea02300144a03bd2605ebbdab5fd629cf41f2231f6b4a535757a3fe695f9be81,51704455013307502bc3178a9c0b2c3d068b3d0932a9a1134edb3ebb9490862a,
pilot50k,heuristic,1,1,10001,26924a12a6dbb17532e9cdca6c28505940bedfb47a8318bf1bcdbcf3ddb9bdea,50000,17811,44570,top_out,6.054,12e05937e613e64fc618b7b3a6f2d329cbe0cef37485fdf356cde609b39415b4,,ea02300144a03bd2605ebbdab5fd629cf41f2231f6b4a535757a3fe695f9be81,94366aae1467441fb468b7f61968d6ba4d74a706df853660f02f3a138e8e076b,
pilot50k,heuristic,1,1,10002,0c8f8ef4f0b2d7eaaa415e7b7424b631586e0c1c2474e665ee48dd5a470db793,50000,19997,50000,cap_reached,6.821,12e05937e613e64fc618b7b3a6f2d329cbe0cef37485fdf356cde609b39415b4,,ea02300144a03bd2605ebbdab5fd629cf41f2231f6b4a535757a3fe695f9be81,af59079486e54db282e71cbf4f28b92cda87f72710763e0764ab52276407908c,
pilot50k,heuristic,1,1,10003,b866cddd14ef7a6af94ffe2fa91a8aff3f1979fa633f770dd35d2918e2cec20b,50000,5890,14767,top_out,1.995,12e05937e613e64fc618b7b3a6f2d329cbe0cef37485fdf356cde609b39415b4,,ea02300144a03bd2605ebbdab5fd629cf41f2231f6b4a535757a3fe695f9be81,66c37f2f6b952d7a6f5d02b48717b1c57c5cb85379f7f2c4604a3bec8a3a39e1,
pilot50k,heuristic,1,1,10004,672f993cd08e5ae9886dd785d7938778022d052b000044293d2105e3cec30a76,50000,8985,22506,top_out,3.053,12e05937e613e64fc618b7b3a6f2d329cbe0cef37485fdf356cde609b39415b4,,ea02300144a03bd2605ebbdab5fd629cf41f2231f6b4a535757a3fe695f9be81,a6d798e67521639a8da049acfbd911dd5f4897af0432d7f74694fe3479277460,
pilot50k,heuristic,1,1,10005,5e72721988363eccc85605a83a0833952009569565d88e66f924ac5e158289c6,50000,19996,50000,cap_reached,6.861,12e05937e613e64fc618b7b3a6f2d329cbe0cef37485fdf356cde609b39415b4,,ea02300144a03bd2605ebbdab5fd629cf41f2231f6b4a535757a3fe695f9be81,624453db8f38a9091623f24b68c296d84657292dab97bc5eb00ad3b0f9a013b3,
pilot50k,heuristic,1,1,10006,aa3e7c06987dbfc267ef63d4171c29e326fae529d31627f35d20d956b5ab0334,50000,1130,2867,top_out,0.41,12e05937e613e64fc618b7b3a6f2d329cbe0cef37485fdf356cde609b39415b4,,ea02300144a03bd2605ebbdab5fd629cf41f2231f6b4a535757a3fe695f9be81,40dfa41a6ed5673aa951b415be5b4b70114c8aea606d3d4f5f7b945b322bdb07,
pilot50k,heuristic,1,1,10007,5638e05d930dc08f3db97674e88b7375c253931cf8a879a0f817fbd3358d6646,50000,7738,19387,top_out,2.654,12e05937e613e64fc618b7b3a6f2d329cbe0cef37485fdf356cde609b39415b4,,ea02300144a03bd2605ebbdab5fd629cf41f2231f6b4a535757a3fe695f9be81,49be229f2ae6d7602a08d0804555542c2b2b9095c2707009dd87c8ac923263e4,
pilot50k,heuristic,1,1,10008,1dace9f116db9bdcedaaf91ec50eda100281d4c6d91f79ef2c075e30ac7d2055,50000,1734,4378,top_out,0.608,12e05937e613e64fc618b7b3a6f2d329cbe0cef37485fdf356cde609b39415b4,,ea02300144a03bd2605ebbdab5fd629cf41f2231f6b4a535757a3fe695f9be81,620b3109fbe5ba08c86446e447511014ae151e87288c1056d16b52662da91729,
pilot50k,heuristic,1,1,10009,422cbf7971bae3e3955aeeb6deb290820a167b42030c0ab78b2f74c59006afca,50000,637,1635,top_out,0.225,12e05937e613e64fc618b7b3a6f2d329cbe0cef37485fdf356cde609b39415b4,,ea02300144a03bd2605ebbdab5fd629cf41f2231f6b4a535757a3fe695f9be81,ab5a22c9a4677f11a4ef50cc2a0ffe435aba3f98268a9b74d57a6f8aadcfe0f2,
pilot50k,heuristic,1,1,10010,9c68182fb9cc7aae420035c47da0f68f9e3049709b9c4a10703318efc78694a7,50000,2354,5928,top_out,0.819,12e05937e613e64fc618b7b3a6f2d329cbe0cef37485fdf356cde609b39415b4,,ea02300144a03bd2605ebbdab5fd629cf41f2231f6b4a535757a3fe695f9be81,69d08b6d992ed67f8cb708a2e89dc1daa7a487818a76970cb71be756ab04da40,
pilot50k,heuristic,1,1,10011,13667fb31e53ec57bdedd21989c004580a0c214115a10f0966968395e3497d9b,50000,407,1061,top_out,0.149,12e05937e613e64fc618b7b3a6f2d329cbe0cef37485fdf356cde609b39415b4,,ea02300144a03bd2605ebbdab5fd629cf41f2231f6b4a535757a3fe695f9be81,84ef91f6377b0bdb252067a8217749326a5dac311fc02f835f5bb432cf3a5888,
pilot50k,heuristic,1,1,10012,e8ac57208a2e63a0c04547c3432926df3b3d621c3bc5f882a5c0dc8483fb8c94,50000,3546,8908,top_out,1.256,12e05937e613e64fc618b7b3a6f2d329cbe0cef37485fdf356cde609b39415b4,,ea02300144a03bd2605ebbdab5fd629cf41f2231f6b4a535757a3fe695f9be81,c60436ecaaad2d1cc552d48b9462289c55e04c8ae40db0f640e4af8a616882cb,
pilot50k,heuristic,1,1,10013,a46a8bdacdb71d7956db4d0f1c41e18b1fcedbb02b7ff59c504ef3401ed0b6a6,50000,19995,50000,cap_reached,7.013,12e05937e613e64fc618b7b3a6f2d329cbe0cef37485fdf356cde609b39415b4,,ea02300144a03bd2605ebbdab5fd629cf41f2231f6b4a535757a3fe695f9be81,9ba2cee745f6f9e8ea78535d48c4aba52fb9edb20488dce71c56dc15b6ce6fcd,
pilot50k,heuristic,1,1,10014,f4567d3484cfc6aa2a018489c63d7f246c789f32033b29b82626217c2adcf65f,50000,11272,28217,top_out,3.946,12e05937e613e64fc618b7b3a6f2d329cbe0cef37485fdf356cde609b39415b4,,ea02300144a03bd2605ebbdab5fd629cf41f2231f6b4a535757a3fe695f9be81,9ea93749aac77ce3ba8391c5c3a7a5e534d50be8e1c3bbe1e598f4752af2c212,
pilot50k,heuristic,1,1,10015,ee66b819b1d8b674164fcc83718b7eeee7e5f673ff81ad68f9958779b8261e81,50000,16622,41598,top_out,5.932,12e05937e613e64fc618b7b3a6f2d329cbe0cef37485fdf356cde609b39415b4,,ea02300144a03bd2605ebbdab5fd629cf41f2231f6b4a535757a3fe695f9be81,7848bbce90e05efe083e54ddbea8aee5b277778e06817875d22e306fe3fa7b98,
pilot50k,heuristic,1,1,10016,476fead0fc61df995f972cf01e9be03f4fd56229b76e5b5ee51d733f3ba9ba86,50000,9980,24992,top_out,3.493,12e05937e613e64fc618b7b3a6f2d329cbe0cef37485fdf356cde609b39415b4,,ea02300144a03bd2605ebbdab5fd629cf41f2231f6b4a535757a3fe695f9be81,f19ee62656cc6657c12a79ef4ded78c98174eb4e89ec09287cf02a335b22a3b3,
pilot50k,heuristic,1,1,10017,7b39471278ec0b132fb6c7fab6b599339ebf7c3fc66b6958bc165bbd5b5a0b92,50000,14210,35568,top_out,4.964,12e05937e613e64fc618b7b3a6f2d329cbe0cef37485fdf356cde609b39415b4,,ea02300144a03bd2605ebbdab5fd629cf41f2231f6b4a535757a3fe695f9be81,6b4daf756622de6733f5c843f4eae13a2e5164c4235b095d4b4ed4ae523a5609,
pilot50k,heuristic,1,1,10018,64ed5c06c4e0a8b6085baa7a9dce7c664a2be54349be28231856e180aa6c5bc0,50000,19998,50000,cap_reached,7.058,12e05937e613e64fc618b7b3a6f2d329cbe0cef37485fdf356cde609b39415b4,,ea02300144a03bd2605ebbdab5fd629cf41f2231f6b4a535757a3fe695f9be81,018d154c4ae5fd23f0f2756ef382cc02f5b4284e24b475d6e92c3c9189e11978,
pilot50k,heuristic,1,1,10019,cee6774528d041679a5861bfb65d3de28c80fa9406682993f2394c0756c87101,50000,19997,50000,cap_reached,7.084,12e05937e613e64fc618b7b3a6f2d329cbe0cef37485fdf356cde609b39415b4,,ea02300144a03bd2605ebbdab5fd629cf41f2231f6b4a535757a3fe695f9be81,49d831592e81f6edada6886055b3ef2f72f1eae1541ee50eac74f90e70e82f0a,
smoke,heuristic,1,0,2000,04ccea8730b5c4c92c2e14ee8b5ddf77d2ee28912cf3d043cf11b0c35da88696,100,33,100,cap_reached,0.015,0422500825ad2f9329a9dc4e365caa782ada01a37360f8b284660f211fbad809,,2e958a4cb280aec6051bd09f136a111b0c5467bdd3462cb5b2dc2d66c4229ae0,7b4f19109ddd75a0e5ed29916e1f4a297e0b25e0ec78c4ae880e99afafa1dcf3,
smoke,heuristic,1,0,2001,29edd63092e2929c18fcb257b784fd753850df22d57dde56ff96274c4ef08aa7,100,35,100,cap_reached,0.013,0422500825ad2f9329a9dc4e365caa782ada01a37360f8b284660f211fbad809,,2e958a4cb280aec6051bd09f136a111b0c5467bdd3462cb5b2dc2d66c4229ae0,ea73fc58e52d7c2f75aa3a57cd4b7b8840047181d03d02ae7459a3bf014f7b36,
smoke,heuristic,1,0,2002,df4ab9dde76fae7ce5e8f21490af667b282e3f86e8bf70a18c5534cffe2bd7a8,100,37,100,cap_reached,0.013,0422500825ad2f9329a9dc4e365caa782ada01a37360f8b284660f211fbad809,,2e958a4cb280aec6051bd09f136a111b0c5467bdd3462cb5b2dc2d66c4229ae0,826da45d98964386cdb9828dd0857c544643d606aa4f6f351092f9ba942cbd1c,
smoke,heuristic,1,0,2003,06019197f63774adbd50ee44353f870ffd4a24dda8f67954ddb2765899add7dc,100,39,100,cap_reached,0.012,0422500825ad2f9329a9dc4e365caa782ada01a37360f8b284660f211fbad809,,2e958a4cb280aec6051bd09f136a111b0c5467bdd3462cb5b2dc2d66c4229ae0,ce994f5d5ed1454c3c970890118aa5565d36e93206860889f78c27fa5002935c,
smoke,heuristic,1,1,2000,04ccea8730b5c4c92c2e14ee8b5ddf77d2ee28912cf3d043cf11b0c35da88696,100,37,100,cap_reached,0.013,0422500825ad2f9329a9dc4e365caa782ada01a37360f8b284660f211fbad809,,2e958a4cb280aec6051bd09f136a111b0c5467bdd3462cb5b2dc2d66c4229ae0,c6222b0e1a9aad29fd2bd582d840d3b5fa825ba0622859d45d292b6bbab6fcd9,
smoke,heuristic,1,1,2001,29edd63092e2929c18fcb257b784fd753850df22d57dde56ff96274c4ef08aa7,100,35,100,cap_reached,0.015,0422500825ad2f9329a9dc4e365caa782ada01a37360f8b284660f211fbad809,,2e958a4cb280aec6051bd09f136a111b0c5467bdd3462cb5b2dc2d66c4229ae0,c1b02c271ddd799c98a9bd1d09b18739a44875b420ee14aef1b91c4f7bbd5650,
smoke,heuristic,1,1,2002,df4ab9dde76fae7ce5e8f21490af667b282e3f86e8bf70a18c5534cffe2bd7a8,100,36,100,cap_reached,0.015,0422500825ad2f9329a9dc4e365caa782ada01a37360f8b284660f211fbad809,,2e958a4cb280aec6051bd09f136a111b0c5467bdd3462cb5b2dc2d66c4229ae0,da13b20cdd71cd1945076cfc44a049b25f8f4d78694787c3d054fbbba28dd806,
smoke,heuristic,1,1,2003,06019197f63774adbd50ee44353f870ffd4a24dda8f67954ddb2765899add7dc,100,36,100,cap_reached,0.014,0422500825ad2f9329a9dc4e365caa782ada01a37360f8b284660f211fbad809,,2e958a4cb280aec6051bd09f136a111b0c5467bdd3462cb5b2dc2d66c4229ae0,2e9f0eb47531c4c242fc530e3c1197b45893c9bc37cb7f9ab05ffce45f51e905,
smoke,random_legal,1,0,2000,04ccea8730b5c4c92c2e14ee8b5ddf77d2ee28912cf3d043cf11b0c35da88696,100,0,24,top_out,0.003,0422500825ad2f9329a9dc4e365caa782ada01a37360f8b284660f211fbad809,,2e958a4cb280aec6051bd09f136a111b0c5467bdd3462cb5b2dc2d66c4229ae0,f39af0d114284677f795ecf306b5006596b66f28d27a027851f7c90afe34d6a0,
smoke,random_legal,1,0,2001,29edd63092e2929c18fcb257b784fd753850df22d57dde56ff96274c4ef08aa7,100,0,30,top_out,0.004,0422500825ad2f9329a9dc4e365caa782ada01a37360f8b284660f211fbad809,,2e958a4cb280aec6051bd09f136a111b0c5467bdd3462cb5b2dc2d66c4229ae0,e7bd52580ece1b67ded1d68485207b61464fa065c1d859139c15772735c412b5,
smoke,random_legal,1,0,2002,df4ab9dde76fae7ce5e8f21490af667b282e3f86e8bf70a18c5534cffe2bd7a8,100,0,23,top_out,0.003,0422500825ad2f9329a9dc4e365caa782ada01a37360f8b284660f211fbad809,,2e958a4cb280aec6051bd09f136a111b0c5467bdd3462cb5b2dc2d66c4229ae0,907e8a71e3170293a9ea9d33193e4287c623662e3fbcbd9e7a10ecb42897b186,
smoke,random_legal,1,0,2003,06019197f63774adbd50ee44353f870ffd4a24dda8f67954ddb2765899add7dc,100,0,26,top_out,0.003,0422500825ad2f9329a9dc4e365caa782ada01a37360f8b284660f211fbad809,,2e958a4cb280aec6051bd09f136a111b0c5467bdd3462cb5b2dc2d66c4229ae0,a2f72f59de986464aa8c7be0f93f7431fea96fdc2cdae4521767f961bfec3cf7,
