configuration_id,target_mhz,seed,dsp_policy,attempt,current,status,timing_met,reported_fmax_mhz,lut4,ff,carry,bram,dsp,trellis_comb,trellis_ff,elapsed_s,peak_rss_mb,route_timeout_s,worst_path_from,worst_path_to,logic_ns,routing_ns,toolchain_id,synth_key,route_key,source_sha256
a0-bitmap-d1-p0-l1,50.0,11,nodsp,1,True,routed_timing_met,True,66.09,3071,2416,224,0,0,3737,2416,26.2,455.5,600,u_core.genblk3.g_d1.g_lane[0].u_lane.u_eval.g_a0.u_drop.y_q_TRELLIS_FF_Q_5.Q,u_core.genblk3.g_d1.g_lane[0].u_lane.u_eval.g_a0.u_drop.y_q_TRELLIS_FF_Q_4.CE,3.92,11.21,oss-cad-suite-2026-09-04,914eb77537d721163403b1c2e19b90347c584645f78c396c1e8c1640045af82d,95f75dd09a5a4407a01b5774293b014788348ea85d0c4912aa7cdfcc8ccd33ca,223f2f9123e44630449258acc4980e06b38dae4a1b297bc309ca55f5437540a2
a0-bitmap-d1-p0-l1,50.0,12,nodsp,1,True,routed_timing_met,True,64.7,3071,2416,224,0,0,3737,2416,35.6,450.8,600,u_core.genblk3.g_d1.g_lane[0].u_lane.u_eval.g_a0.u_drop.y_q_TRELLIS_FF_Q_5.Q,u_core.genblk3.g_d1.g_lane[0].u_lane.u_eval.g_a0.u_drop.state_TRELLIS_FF_Q_3.M,4.36,11.09,oss-cad-suite-2026-09-04,914eb77537d721163403b1c2e19b90347c584645f78c396c1e8c1640045af82d,5383ad191c4c8b3d461c7db7e3bfbfb1897f8bcf9acd220ae6bfc1be6b5822ff,0e2946d131b0c21dd3b87f5ce41680b77e90c25034c098978dd505f271736eeb
a0-bitmap-d1-p0-l1,50.0,13,nodsp,1,True,routed_timing_met,True,65.69,3071,2416,224,0,0,3737,2416,29.0,435.2,600,u_core.genblk3.g_d1.g_lane[0].u_lane.u_eval.g_a0.u_drop.x_q_TRELLIS_FF_Q.Q,u_core.genblk3.g_d1.g_lane[0].u_lane.u_eval.g_a0.u_drop.y_q_TRELLIS_FF_Q_3.CE,4.32,10.9,oss-cad-suite-2026-09-04,914eb77537d721163403b1c2e19b90347c584645f78c396c1e8c1640045af82d,f525b41e7a32ea5aee00392a5d2d6d8b3b71516b665cb387f6860e441d8401c8,840dc0706bfeb199e959bbe65cf4887d56cdb9b8f281bb2b7067be51face89fa
a0-bitmap-d1-p0-l1,60.0,11,nodsp,1,True,routed_timing_met,True,66.09,3071,2416,224,0,0,3737,2416,27.3,455.3,600,u_core.genblk3.g_d1.g_lane[0].u_lane.u_eval.g_a0.u_drop.y_q_TRELLIS_FF_Q_5.Q,u_core.genblk3.g_d1.g_lane[0].u_lane.u_eval.g_a0.u_drop.y_q_TRELLIS_FF_Q_4.CE,3.92,11.21,oss-cad-suite-2026-09-04,914eb77537d721163403b1c2e19b90347c584645f78c396c1e8c1640045af82d,78eb71402d2ae1413dfaddf738ba575ccce59578437b5993de7bb30fb56822d0,840dc0706bfeb199e959bbe65cf4887d56cdb9b8f281bb2b7067be51face89fa
a0-bitmap-d1-p0-l1,60.0,12,nodsp,1,True,routed_timing_met,True,64.7,3071,2416,224,0,0,3737,2416,39.4,450.8,600,u_core.genblk3.g_d1.g_lane[0].u_lane.u_eval.g_a0.u_drop.y_q_TRELLIS_FF_Q_5.Q,u_core.genblk3.g_d1.g_lane[0].u_lane.u_eval.g_a0.u_drop.state_TRELLIS_FF_Q_3.M,4.36,11.09,oss-cad-suite-2026-09-04,914eb77537d721163403b1c2e19b90347c584645f78c396c1e8c1640045af82d,7ef3a14d0d99182158a652f36ca8d4d9f8c9239eac813c584fd38298a4b04ceb,840dc0706bfeb199e959bbe65cf4887d56cdb9b8f281bb2b7067be51face89fa
a0-bitmap-d1-p0-l1,60.0,13,nodsp,1,True,routed_timing_met,True,65.69,3071,2416,224,0,0,3737,2416,33.7,456.9,600,u_core.genblk3.g_d1.g_lane[0].u_lane.u_eval.g_a0.u_drop.x_q_TRELLIS_FF_Q.Q,u_core.genblk3.g_d1.g_lane[0].u_lane.u_eval.g_a0.u_drop.y_q_TRELLIS_FF_Q_3.CE,4.32,10.9,oss-cad-suite-2026-09-04,914eb77537d721163403b1c2e19b90347c584645f78c396c1e8c1640045af82d,08cc173e8f26aa7e20645cc3e3786801990be1b66ad9e3edd1265720c1484e26,840dc0706bfeb199e959bbe65cf4887d56cdb9b8f281bb2b7067be51face89fa
a0-bitmap-d1-p0-l1,80.0,11,nodsp,1,True,routed_timing_failed,False,66.09,3071,2416,224,0,0,3737,2416,32.3,455.4,600,u_core.genblk3.g_d1.g_lane[0].u_lane.u_eval.g_a0.u_drop.y_q_TRELLIS_FF_Q_5.Q,u_core.genblk3.g_d1.g_lane[0].u_lane.u_eval.g_a0.u_drop.y_q_TRELLIS_FF_Q_4.CE,3.92,11.21,oss-cad-suite-2026-09-04,914eb77537d721163403b1c2e19b90347c584645f78c396c1e8c1640045af82d,74faf2897405efd5fd8fd2a21b19eae7ca3df4c700dba187b68be7bf739131b9,840dc0706bfeb199e959bbe65cf4887d56cdb9b8f281bb2b7067be51face89fa
a0-bitmap-d1-p0-l1,80.0,12,nodsp,1,True,routed_timing_failed,False,64.7,3071,2416,224,0,0,3737,2416,37.8,451.1,600,u_core.genblk3.g_d1.g_lane[0].u_lane.u_eval.g_a0.u_drop.y_q_TRELLIS_FF_Q_5.Q,u_core.genblk3.g_d1.g_lane[0].u_lane.u_eval.g_a0.u_drop.state_TRELLIS_FF_Q_3.M,4.36,11.09,oss-cad-suite-2026-09-04,914eb77537d721163403b1c2e19b90347c584645f78c396c1e8c1640045af82d,be54e7f97ad1883c04e5465786043dc670b3343434d181c65ec8476fbba24eb3,840dc0706bfeb199e959bbe65cf4887d56cdb9b8f281bb2b7067be51face89fa
a0-bitmap-d1-p0-l1,80.0,13,nodsp,1,True,routed_timing_failed,False,65.69,3071,2416,224,0,0,3737,2416,28.7,456.8,600,u_core.genblk3.g_d1.g_lane[0].u_lane.u_eval.g_a0.u_drop.x_q_TRELLIS_FF_Q.Q,u_core.genblk3.g_d1.g_lane[0].u_lane.u_eval.g_a0.u_drop.y_q_TRELLIS_FF_Q_3.CE,4.32,10.9,oss-cad-suite-2026-09-04,914eb77537d721163403b1c2e19b90347c584645f78c396c1e8c1640045af82d,47110d273bd6b47b08cce277cec71945398ff6da1e6f5e98401dfc394f69f99f,840dc0706bfeb199e959bbe65cf4887d56cdb9b8f281bb2b7067be51face89fa
a0-bitmap-d1-p0-l1,100.0,11,nodsp,1,True,routed_timing_failed,False,66.09,3071,2416,224,0,0,3737,2416,27.1,455.4,600,u_core.genblk3.g_d1.g_lane[0].u_lane.u_eval.g_a0.u_drop.y_q_TRELLIS_FF_Q_5.Q,u_core.genblk3.g_d1.g_lane[0].u_lane.u_eval.g_a0.u_drop.y_q_TRELLIS_FF_Q_4.CE,3.92,11.21,oss-cad-suite-2026-09-04,914eb77537d721163403b1c2e19b90347c584645f78c396c1e8c1640045af82d,5364253e2034065861117bbd992e1cd65ff9fe19816967fb963805c27d0708a8,840dc0706bfeb199e959bbe65cf4887d56cdb9b8f281bb2b7067be51face89fa
a0-bitmap-d1-p0-l1,100.0,12,nodsp,1,True,routed_timing_failed,False,64.7,3071,2416,224,0,0,3737,2416,33.1,450.9,600,u_core.genblk3.g_d1.g_lane[0].u_lane.u_eval.g_a0.u_drop.y_q_TRELLIS_FF_Q_5.Q,u_core.genblk3.g_d1.g_lane[0].u_lane.u_eval.g_a0.u_drop.state_TRELLIS_FF_Q_3.M,4.36,11.09,oss-cad-suite-2026-09-04,914eb77537d721163403b1c2e19b90347c584645f78c396c1e8c1640045af82d,7c024f19000e40dc8ea89cbee6d822c8e5e2d3dbe4e0a66a25ccb223bf518c52,840dc0706bfeb199e959bbe65cf4887d56cdb9b8f281bb2b7067be51face89fa
a0-bitmap-d1-p0-l1,100.0,13,nodsp,1,True,routed_timing_failed,False,65.69,3071,2416,224,0,0,3737,2416,26.4,456.8,600,u_core.genblk3.g_d1.g_lane[0].u_lane.u_eval.g_a0.u_drop.x_q_TRELLIS_FF_Q.Q,u_core.genblk3.g_d1.g_lane[0].u_lane.u_eval.g_a0.u_drop.y_q_TRELLIS_FF_Q_3.CE,4.32,10.9,oss-cad-suite-2026-09-04,914eb77537d721163403b1c2e19b90347c584645f78c396c1e8c1640045af82d,e5ca893f2448d190aebea7e6961c9e2fb1b6d6e577e675a1c4f44f66a7a89b7f,840dc0706bfeb199e959bbe65cf4887d56cdb9b8f281bb2b7067be51face89fa
a1-bitmap-d1-p0-l1,50.0,11,nodsp,1,True,routed_timing_met,True,67.11,4043,2121,342,0,0,5017,2121,34.7,469.1,600,u_core.genblk3.g_d1.g_lane[0].u_lane.u_eval.g_a1.u_drop.d_q[1]_TRELLIS_FF_Q_1.Q,u_core.genblk3.g_d1.g_lane[0].u_lane.u_eval.g_a1.u_drop.y_o_TRELLIS_FF_Q_2.M,6.39,8.52,oss-cad-suite-2026-09-04,13e7a47579ea748203432e6e160dad1c95fc8e230864449892507f0aee7b4045,e11b0294cf2da92879bafd0ae841babbb56b9b605ed378a69e3d37a47d5e6859,12f37d20ddf9bc2d9f878edbda11c9e2002772e7f12a3405ee2da314b83b0d03
a1-bitmap-d1-p0-l1,50.0,12,nodsp,1,True,routed_timing_met,True,67.2,4043,2121,342,0,0,5017,2121,48.1,467.5,600,u_core.genblk3.g_d1.g_lane[0].u_lane.u_eval.g_a1.u_drop.d_q[0]_TRELLIS_FF_Q.Q,u_core.genblk3.g_d1.g_lane[0].u_lane.u_eval.g_a1.u_drop.legal_o_TRELLIS_FF_Q.M,6.24,8.64,oss-cad-suite-2026-09-04,13e7a47579ea748203432e6e160dad1c95fc8e230864449892507f0aee7b4045,bb759f35f76ec5ba139cbdae77d28316cb1b5beaee4fa746120cc834d383bb62,7c9876f04cd09a7c7b6d2d45f17e9fb7631c04db51c2f27970aaa9f6b7e8e660
a1-bitmap-d1-p0-l1,50.0,13,nodsp,1,True,routed_timing_met,True,67.9,4043,2121,342,0,0,5017,2121,91.5,477.9,600,u_core.genblk3.g_d1.g_lane[0].u_lane.u_eval.u_clear.board_o_TRELLIS_FF_Q_168.Q,u_core.genblk3.g_d1.g_lane[0].u_lane.u_eval.g_a1.u_feat.colholes_q[8]_TRELLIS_FF_Q_4.DI,4.73,10.0,oss-cad-suite-2026-09-04,13e7a47579ea748203432e6e160dad1c95fc8e230864449892507f0aee7b4045,ab7cdf54a172ab25ad1d6d4e620af8b8eaf1a5329518f0f30879980d382a6680,34c1cd3fb3736c3d31cf1fbdd375ebe42101e7e153e205e1df951f260941d40c
a1-bitmap-d1-p0-l1,60.0,11,nodsp,1,True,routed_timing_met,True,67.11,4043,2121,342,0,0,5017,2121,41.2,469.6,600,u_core.genblk3.g_d1.g_lane[0].u_lane.u_eval.g_a1.u_drop.d_q[1]_TRELLIS_FF_Q_1.Q,u_core.genblk3.g_d1.g_lane[0].u_lane.u_eval.g_a1.u_drop.y_o_TRELLIS_FF_Q_2.M,6.39,8.52,oss-cad-suite-2026-09-04,13e7a47579ea748203432e6e160dad1c95fc8e230864449892507f0aee7b4045,2b8e1aa407f23d6b91e8aaf7c53284a4c4a8e8351a3bc60c0137652197cb5729,433849952e99f0989f213e28d5b97d48f62252782bb0ceeff2dfa46ae9378652
a1-bitmap-d1-p0-l1,60.0,12,nodsp,1,True,routed_timing_met,True,67.2,4043,2121,342,0,0,5017,2121,46.8,467.2,600,u_core.genblk3.g_d1.g_lane[0].u_lane.u_eval.g_a1.u_drop.d_q[0]_TRELLIS_FF_Q.Q,u_core.genblk3.g_d1.g_lane[0].u_lane.u_eval.g_a1.u_drop.legal_o_TRELLIS_FF_Q.M,6.24,8.64,oss-cad-suite-2026-09-04,13e7a47579ea748203432e6e160dad1c95fc8e230864449892507f0aee7b4045,c9c59958cf2eadc02ce086b82f9100ab350a6052a495c592d65efc7a2c951311,d61bafcc9bc0a67058812ede481d3c4d3480301c0bafd0cde646bc27436e6b2a
a1-bitmap-d1-p0-l1,60.0,13,nodsp,1,True,routed_timing_met,True,67.9,4043,2121,342,0,0,5017,2121,93.5,477.9,600,u_core.genblk3.g_d1.g_lane[0].u_lane.u_eval.u_clear.board_o_TRELLIS_FF_Q_168.Q,u_core.genblk3.g_d1.g_lane[0].u_lane.u_eval.g_a1.u_feat.colholes_q[8]_TRELLIS_FF_Q_4.DI,4.73,10.0,oss-cad-suite-2026-09-04,13e7a47579ea748203432e6e160dad1c95fc8e230864449892507f0aee7b4045,6cd0aaa427d88d4107c022a302c5ba606ab296804bde083c8e4b9178648e7924,a88ef894801ab286628d2c9d33628d62e3d527e622d22c6b97fc051c353cb5c0
a1-bitmap-d1-p0-l1,80.0,11,nodsp,1,True,routed_timing_failed,False,67.11,4043,2121,342,0,0,5017,2121,35.8,469.1,600,u_core.genblk3.g_d1.g_lane[0].u_lane.u_eval.g_a1.u_drop.d_q[1]_TRELLIS_FF_Q_1.Q,u_core.genblk3.g_d1.g_lane[0].u_lane.u_eval.g_a1.u_drop.y_o_TRELLIS_FF_Q_2.M,6.39,8.52,oss-cad-suite-2026-09-04,13e7a47579ea748203432e6e160dad1c95fc8e230864449892507f0aee7b4045,e355ceabdb49d7182aa165b5e848ae32f70eb65b34e565fca31b43f4b648836f,e8692ba9927c10af19791249ee15a2bad59c5069cb2407de4a0a2ac0a6abf5f1
a1-bitmap-d1-p0-l1,80.0,12,nodsp,1,True,routed_timing_failed,False,67.2,4043,2121,342,0,0,5017,2121,47.0,454.5,600,u_core.genblk3.g_d1.g_lane[0].u_lane.u_eval.g_a1.u_drop.d_q[0]_TRELLIS_FF_Q.Q,u_core.genblk3.g_d1.g_lane[0].u_lane.u_eval.g_a1.u_drop.legal_o_TRELLIS_FF_Q.M,6.24,8.64,oss-cad-suite-2026-09-04,13e7a47579ea748203432e6e160dad1c95fc8e230864449892507f0aee7b4045,e2b4211458016848eb13c6bf45a59b134e13656c1bc391e356b84c522794cfcb,e8692ba9927c10af19791249ee15a2bad59c5069cb2407de4a0a2ac0a6abf5f1
a1-bitmap-d1-p0-l1,80.0,13,nodsp,1,True,routed_timing_failed,False,67.9,4043,2121,342,0,0,5017,2121,91.1,472.2,600,u_core.genblk3.g_d1.g_lane[0].u_lane.u_eval.u_clear.board_o_TRELLIS_FF_Q_168.Q,u_core.genblk3.g_d1.g_lane[0].u_lane.u_eval.g_a1.u_feat.colholes_q[8]_TRELLIS_FF_Q_4.DI,4.73,10.0,oss-cad-suite-2026-09-04,13e7a47579ea748203432e6e160dad1c95fc8e230864449892507f0aee7b4045,15657e0a72e3fc7e844a7d7c36554dc2b6ff1a88b512735df0a9bd3835ebdfc0,b047d445026ac3d81d43c0d90833169d551c5590741ea1cf8e3853791100d009
a1-bitmap-d1-p0-l1,100.0,11,nodsp,1,True,routed_timing_failed,False,67.11,4043,2121,342,0,0,5017,2121,38.6,469.4,600,u_core.genblk3.g_d1.g_lane[0].u_lane.u_eval.g_a1.u_drop.d_q[1]_TRELLIS_FF_Q_1.Q,u_core.genblk3.g_d1.g_lane[0].u_lane.u_eval.g_a1.u_drop.y_o_TRELLIS_FF_Q_2.M,6.39,8.52,oss-cad-suite-2026-09-04,13e7a47579ea748203432e6e160dad1c95fc8e230864449892507f0aee7b4045,f3657547f04726201295e0b587b9965fb469fb42bf083a505c42c2dce000c40e,7b0cd09c409ac6efe8e47fe28a458129eecdbe3322bb23cb220e4d8a0585ae41
a1-bitmap-d1-p0-l1,100.0,12,nodsp,1,True,routed_timing_failed,False,67.2,4043,2121,342,0,0,5017,2121,45.4,467.5,600,u_core.genblk3.g_d1.g_lane[0].u_lane.u_eval.g_a1.u_drop.d_q[0]_TRELLIS_FF_Q.Q,u_core.genblk3.g_d1.g_lane[0].u_lane.u_eval.g_a1.u_drop.legal_o_TRELLIS_FF_Q.M,6.24,8.64,oss-cad-suite-2026-09-04,13e7a47579ea748203432e6e160dad1c95fc8e230864449892507f0aee7b4045,65e82f6bca4bb02941f0fb74ca42357e2e886cfbef9b6e3edb6ba3e1b27864bf,7b0cd09c409ac6efe8e47fe28a458129eecdbe3322bb23cb220e4d8a0585ae41
a1-bitmap-d1-p0-l1,100.0,13,nodsp,1,True,routed_timing_failed,False,67.9,4043,2121,342,0,0,5017,2121,97.5,473.1,600,u_core.genblk3.g_d1.g_lane[0].u_lane.u_eval.u_clear.board_o_TRELLIS_FF_Q_168.Q,u_core.genblk3.g_d1.g_lane[0].u_lane.u_eval.g_a1.u_feat.colholes_q[8]_TRELLIS_FF_Q_4.DI,4.73,10.0,oss-cad-suite-2026-09-04,13e7a47579ea748203432e6e160dad1c95fc8e230864449892507f0aee7b4045,6b4943236e0bfcbf7b2d1a7ed0eee2c36716c39c7480030b134bca97c3893184,3fabad5e4081fb525c0e5a79abce04f8371d722292257ead8eeadf2cc51f3ba7
a1-cache-d1-p0-l1,50.0,11,nodsp,1,True,routed_timing_met,True,65.67,4030,2220,342,0,0,5004,2220,39.7,467.9,600,u_core.genblk3.g_d1.g_lane[0].u_lane.u_eval.g_a1.u_drop.d_q[0]_TRELLIS_FF_Q_2.Q,u_core.genblk3.g_d1.g_lane[0].u_lane.u_eval.g_a1.u_drop.legal_o_TRELLIS_FF_Q.M,6.33,8.89,oss-cad-suite-2026-09-04,441925f8c1bd1f7f090631b86a127a2885bb46e23748ef46383767659a0d3500,1d9ecd15369012df89d40e7a7c5fd22abe4ff4361c2e2b33669d87c4ca6e9999,3fabad5e4081fb525c0e5a79abce04f8371d722292257ead8eeadf2cc51f3ba7
a1-cache-d1-p0-l1,50.0,12,nodsp,1,True,routed_timing_met,True,65.75,4030,2220,342,0,0,5004,2220,40.2,467.5,600,u_core.genblk3.g_d1.g_lane[0].u_lane.u_eval.g_a1.u_drop.d_q[1]_TRELLIS_FF_Q_2.Q,u_core.genblk3.g_d1.g_lane[0].u_lane.u_eval.g_a1.u_drop.y_o_TRELLIS_FF_Q_2.M,6.33,8.88,oss-cad-suite-2026-09-04,441925f8c1bd1f7f090631b86a127a2885bb46e23748ef46383767659a0d3500,a8cee81a35b926f78dc9b9fe30c140fe6ca24efce1dc88dd1e18e0da1fc391b5,fea073ad3b7ab86d89f06d92771960d785d30cdb90650ee1e8d6af84ec9ad0a3
a1-cache-d1-p0-l1,50.0,13,nodsp,1,True,routed_timing_met,True,65.69,4030,2220,342,0,0,5004,2220,43.2,469.6,600,u_core.genblk3.g_d1.g_lane[0].u_lane.u_eval.g_a1.u_drop.d_q[1]_TRELLIS_FF_Q_1.Q,u_core.genblk3.g_d1.g_lane[0].u_lane.u_eval.g_a1.u_drop.y_o_TRELLIS_FF_Q.M,6.33,8.89,oss-cad-suite-2026-09-04,441925f8c1bd1f7f090631b86a127a2885bb46e23748ef46383767659a0d3500,31356bb7a51c995d327cf5602e71ad6ffe6ce5947df58eaa032e2f6b569415ec,29bde84a0d34d10c5d900088d6334ddb93a7a9cd904169564a734ae6f44e7233
a1-cache-d1-p0-l1,60.0,11,nodsp,1,True,routed_timing_met,True,65.67,4030,2220,342,0,0,5004,2220,43.9,467.9,600,u_core.genblk3.g_d1.g_lane[0].u_lane.u_eval.g_a1.u_drop.d_q[0]_TRELLIS_FF_Q_2.Q,u_core.genblk3.g_d1.g_lane[0].u_lane.u_eval.g_a1.u_drop.legal_o_TRELLIS_FF_Q.M,6.33,8.89,oss-cad-suite-2026-09-04,441925f8c1bd1f7f090631b86a127a2885bb46e23748ef46383767659a0d3500,0f8ec9f7e213b5b10b3b3f423dacaa21e6e1bfe2324db7fa7096ed6e9a217c27,29bde84a0d34d10c5d900088d6334ddb93a7a9cd904169564a734ae6f44e7233
a1-cache-d1-p0-l1,60.0,12,nodsp,1,True,routed_timing_met,True,65.75,4030,2220,342,0,0,5004,2220,39.5,467.2,600,u_core.genblk3.g_d1.g_lane[0].u_lane.u_eval.g_a1.u_drop.d_q[1]_TRELLIS_FF_Q_2.Q,u_core.genblk3.g_d1.g_lane[0].u_lane.u_eval.g_a1.u_drop.y_o_TRELLIS_FF_Q_2.M,6.33,8.88,oss-cad-suite-2026-09-04,441925f8c1bd1f7f090631b86a127a2885bb46e23748ef46383767659a0d3500,a3f2dacaa6b5f7ee7f6efcd89e4a2b6f5c78a48bd428790c1fc24da5b2fa6025,243370077ef11856900088bcda1a5320c45b8a95a7cfdc01c62cf567cb2e7786
a1-cache-d1-p0-l1,60.0,13,nodsp,1,True,routed_timing_met,True,65.69,4030,2220,342,0,0,5004,2220,49.8,469.0,600,u_core.genblk3.g_d1.g_lane[0].u_lane.u_eval.g_a1.u_drop.d_q[1]_TRELLIS_FF_Q_1.Q,u_core.genblk3.g_d1.g_lane[0].u_lane.u_eval.g_a1.u_drop.y_o_TRELLIS_FF_Q.M,6.33,8.89,oss-cad-suite-2026-09-04,441925f8c1bd1f7f090631b86a127a2885bb46e23748ef46383767659a0d3500,b787b7727598712fc5f4f5ef7c41e6c5aabc00d79f2ff9d15838892f0cd87462,243370077ef11856900088bcda1a5320c45b8a95a7cfdc01c62cf567cb2e7786
a1-cache-d1-p0-l1,80.0,11,nodsp,1,True,routed_timing_failed,False,65.67,4030,2220,342,0,0,5004,2220,46.6,468.0,600,u_core.genblk3.g_d1.g_lane[0].u_lane.u_eval.g_a1.u_drop.d_q[0]_TRELLIS_FF_Q_2.Q,u_core.genblk3.g_d1.g_lane[0].u_lane.u_eval.g_a1.u_drop.legal_o_TRELLIS_FF_Q.M,6.33,8.89,oss-cad-suite-2026-09-04,441925f8c1bd1f7f090631b86a127a2885bb46e23748ef46383767659a0d3500,c7e2401d256137e0dc5270c5688355c5268931d5baa03d2b9225c83c3352774a,80cdf345042f9e89fb0f3e57e12bd20965a6b0474d1410a0088c69283f9df7e3
a1-cache-d1-p0-l1,80.0,12,nodsp,1,True,routed_timing_failed,False,65.75,4030,2220,342,0,0,5004,2220,46.2,467.4,600,u_core.genblk3.g_d1.g_lane[0].u_lane.u_eval.g_a1.u_drop.d_q[1]_TRELLIS_FF_Q_2.Q,u_core.genblk3.g_d1.g_lane[0].u_lane.u_eval.g_a1.u_drop.y_o_TRELLIS_FF_Q_2.M,6.33,8.88,oss-cad-suite-2026-09-04,441925f8c1bd1f7f090631b86a127a2885bb46e23748ef46383767659a0d3500,e12121f2312e0a2e27e0747971a472c63a856d1383998dbbf630953101349a3e,80cdf345042f9e89fb0f3e57e12bd20965a6b0474d1410a0088c69283f9df7e3
a1-cache-d1-p0-l1,80.0,13,nodsp,1,True,routed_timing_failed,False,65.69,4030,2220,342,0,0,5004,2220,39.3,469.4,600,u_core.genblk3.g_d1.g_lane[0].u_lane.u_eval.g_a1.u_drop.d_q[1]_TRELLIS_FF_Q_1.Q,u_core.genblk3.g_d1.g_lane[0].u_lane.u_eval.g_a1.u_drop.y_o_TRELLIS_FF_Q.M,6.33,8.89,oss-cad-suite-2026-09-04,441925f8c1bd1f7f090631b86a127a2885bb46e23748ef46383767659a0d3500,68add08585904627e58e5653da610f3de8f12bf0d6bc9f6240ed4859dc3a0f4e,80cdf345042f9e89fb0f3e57e12bd20965a6b0474d1410a0088c69283f9df7e3
a1-cache-d1-p0-l1,100.0,11,nodsp,1,True,routed_timing_failed,False,65.67,4030,2220,342,0,0,5004,2220,40.9,467.9,600,u_core.genblk3.g_d1.g_lane[0].u_lane.u_eval.g_a1.u_drop.d_q[0]_TRELLIS_FF_Q_2.Q,u_core.genblk3.g_d1.g_lane[0].u_lane.u_eval.g_a1.u_drop.legal_o_TRELLIS_FF_Q.M,6.33,8.89,oss-cad-suite-2026-09-04,441925f8c1bd1f7f090631b86a127a2885bb46e23748ef46383767659a0d3500,c6c30b98676d12afbc81534bb5fea0ae577123d63a4b2181629d6ba5ef719838,80cdf345042f9e89fb0f3e57e12bd20965a6b0474d1410a0088c69283f9df7e3
a1-cache-d1-p0-l1,100.0,12,nodsp,1,True,routed_timing_failed,False,65.75,4030,2220,342,0,0,5004,2220,40.0,466.9,600,u_core.genblk3.g_d1.g_lane[0].u_lane.u_eval.g_a1.u_drop.d_q[1]_TRELLIS_FF_Q_2.Q,u_core.genblk3.g_d1.g_lane[0].u_lane.u_eval.g_a1.u_drop.y_o_TRELLIS_FF_Q_2.M,6.33,8.88,oss-cad-suite-2026-09-04,441925f8c1bd1f7f090631b86a127a2885bb46e23748ef46383767659a0d3500,2e715f27824fb55ef6f4398813a3cf0ef41e10f234da8dcc7dc414d1e718d47d,80cdf345042f9e89fb0f3e57e12bd20965a6b0474d1410a0088c69283f9df7e3
a1-cache-d1-p0-l1,100.0,13,nodsp,1,True,routed_timing_failed,False,65.69,4030,2220,342,0,0,5004,2220,40.8,469.1,600,u_core.genblk3.g_d1.g_lane[0].u_lane.u_eval.g_a1.u_drop.d_q[1]_TRELLIS_FF_Q_1.Q,u_core.genblk3.g_d1.g_lane[0].u_lane.u_eval.g_a1.u_drop.y_o_TRELLIS_FF_Q.M,6.33,8.89,oss-cad-suite-2026-09-04,441925f8c1bd1f7f090631b86a127a2885bb46e23748ef46383767659a0d3500,882e963e3511ee06eb069807edd61e9f1bee52cbb1a726372d234e5196d31b17,80cdf345042f9e89fb0f3e57e12bd20965a6b0474d1410a0088c69283f9df7e3
a1-cache-d1-p0-l2,50.0,11,nodsp,1,True,routed_timing_met,True,64.08,7345,3738,642,0,0,9185,3738,86.2,586.9,600,u_core.genblk3.g_d1.g_lane[1].u_lane.u_eval.g_a1.u_drop.d_q[0]_TRELLIS_FF_Q_5.Q,u_core.genblk3.g_d1.g_lane[1].u_lane.u_eval.g_a1.u_drop.y_o_TRELLIS_FF_Q_1.M,6.36,9.24,oss-cad-suite-2026-09-04,0314c3ecde28fdfa68a373a324ddd353ee76393f1e59883accc8f567e71f934f,1ee00db614a1bf8c7aea4aacc9543a99bffd46206fc017292a82d4080240c7d6,559852ae8715eb339b5216526d2838dbfe88a2f20e33325a5cef686dcfe19463
a1-cache-d1-p0-l2,50.0,12,nodsp,1,True,routed_timing_met,True,66.87,7345,3738,642,0,0,9185,3738,89.7,587.4,600,u_core.genblk3.g_d1.g_lane[1].u_lane.u_eval.g_a1.u_drop.d_q[1]_TRELLIS_FF_Q_2.Q,u_core.genblk3.g_d1.g_lane[1].u_lane.u_eval.g_a1.u_drop.y_o_TRELLIS_FF_Q.M,6.29,8.66,oss-cad-suite-2026-09-04,0314c3ecde28fdfa68a373a324ddd353ee76393f1e59883accc8f567e71f934f,b5ba532ef331dd51e4c6a9b403c73ac21433ecbae40836e6d11138bf970a5d26,a18227373ade7ec93ad6037c87f19d9a14ba69f6684ca25fe79d3c7d29da6771
a1-cache-d1-p0-l2,50.0,13,nodsp,1,True,routed_timing_met,True,65.46,7345,3738,642,0,0,9185,3738,87.8,587.8,600,u_core.genblk3.g_d1.g_lane[0].u_lane.j_TRELLIS_FF_Q_2.Q,u_core.genblk3.g_d1.g_lane[0].u_lane.u_eval.g_a1.u_drop.height_i_TRELLIS_FF_Q_1.DI,4.25,11.03,oss-cad-suite-2026-09-04,0314c3ecde28fdfa68a373a324ddd353ee76393f1e59883accc8f567e71f934f,2091a5598f8c8b3dee6ef1b598ca5ea8dfe4efea864b39b8cc3eef08eef18fc1,d39a698cb0a3363c2ef6e8bc747c15b0dd691cb240daaaf2db24198eebe1dbef
a1-cache-d1-p0-l2,60.0,11,nodsp,1,True,routed_timing_met,True,64.08,7345,3738,642,0,0,9185,3738,89.3,587.1,600,u_core.genblk3.g_d1.g_lane[1].u_lane.u_eval.g_a1.u_drop.d_q[0]_TRELLIS_FF_Q_5.Q,u_core.genblk3.g_d1.g_lane[1].u_lane.u_eval.g_a1.u_drop.y_o_TRELLIS_FF_Q_1.M,6.36,9.24,oss-cad-suite-2026-09-04,0314c3ecde28fdfa68a373a324ddd353ee76393f1e59883accc8f567e71f934f,144218586a172629c269165a2fc46aa01e8462710979a33604e67df5f8389408,9638fdd3ee4e7012e7e20cf1531d8b292c8879965de9fbe9aace158ba0cc2e4f
a1-cache-d1-p0-l2,60.0,12,nodsp,1,True,routed_timing_met,True,66.87,7345,3738,642,0,0,9185,3738,92.9,587.1,600,u_core.genblk3.g_d1.g_lane[1].u_lane.u_eval.g_a1.u_drop.d_q[1]_TRELLIS_FF_Q_2.Q,u_core.genblk3.g_d1.g_lane[1].u_lane.u_eval.g_a1.u_drop.y_o_TRELLIS_FF_Q.M,6.29,8.66,oss-cad-suite-2026-09-04,0314c3ecde28fdfa68a373a324ddd353ee76393f1e59883accc8f567e71f934f,588c7da4911b08923fa728a6b35dc9eecf69b709a6482764bc79114791e83336,5b469a2603d8735867549eb3b9aaa94473d6afb58ad7fce2d108662d93c399ab
a1-cache-d1-p0-l2,60.0,13,nodsp,1,True,routed_timing_met,True,65.46,7345,3738,642,0,0,9185,3738,77.3,588.1,600,u_core.genblk3.g_d1.g_lane[0].u_lane.j_TRELLIS_FF_Q_2.Q,u_core.genblk3.g_d1.g_lane[0].u_lane.u_eval.g_a1.u_drop.height_i_TRELLIS_FF_Q_1.DI,4.25,11.03,oss-cad-suite-2026-09-04,0314c3ecde28fdfa68a373a324ddd353ee76393f1e59883accc8f567e71f934f,d519805a2147b853bb706d433fc28af6e3cfae46fcd75bdba4018774a39466d4,192ee84d31b168618027b69bfbedf035eb5617127a440f2069e6f0a1a1b70343
a1-cache-d1-p0-l2,80.0,11,nodsp,1,True,routed_timing_failed,False,64.08,7345,3738,642,0,0,9185,3738,84.7,586.9,600,u_core.genblk3.g_d1.g_lane[1].u_lane.u_eval.g_a1.u_drop.d_q[0]_TRELLIS_FF_Q_5.Q,u_core.genblk3.g_d1.g_lane[1].u_lane.u_eval.g_a1.u_drop.y_o_TRELLIS_FF_Q_1.M,6.36,9.24,oss-cad-suite-2026-09-04,0314c3ecde28fdfa68a373a324ddd353ee76393f1e59883accc8f567e71f934f,b324b51f461b83bdffb82ea164154d2a22489d4c3de501f146ee962572c47768,192ee84d31b168618027b69bfbedf035eb5617127a440f2069e6f0a1a1b70343
a1-cache-d1-p0-l2,80.0,12,nodsp,1,True,routed_timing_failed,False,66.87,7345,3738,642,0,0,9185,3738,95.5,587.4,600,u_core.genblk3.g_d1.g_lane[1].u_lane.u_eval.g_a1.u_drop.d_q[1]_TRELLIS_FF_Q_2.Q,u_core.genblk3.g_d1.g_lane[1].u_lane.u_eval.g_a1.u_drop.y_o_TRELLIS_FF_Q.M,6.29,8.66,oss-cad-suite-2026-09-04,0314c3ecde28fdfa68a373a324ddd353ee76393f1e59883accc8f567e71f934f,3377b57b63c5c17e60240305ba868b7de1743a02aa9bbb22cb5d6d08bbd45846,192ee84d31b168618027b69bfbedf035eb5617127a440f2069e6f0a1a1b70343
a1-cache-d1-p0-l2,80.0,13,nodsp,1,True,routed_timing_failed,False,65.46,7345,3738,642,0,0,9185,3738,79.8,587.5,600,u_core.genblk3.g_d1.g_lane[0].u_lane.j_TRELLIS_FF_Q_2.Q,u_core.genblk3.g_d1.g_lane[0].u_lane.u_eval.g_a1.u_drop.height_i_TRELLIS_FF_Q_1.DI,4.25,11.03,oss-cad-suite-2026-09-04,0314c3ecde28fdfa68a373a324ddd353ee76393f1e59883accc8f567e71f934f,e726a1a897c2d17a12d1d3c6d8f0d8a59febce45af87a927468d444738335d5a,192ee84d31b168618027b69bfbedf035eb5617127a440f2069e6f0a1a1b70343
a1-cache-d1-p0-l2,100.0,11,nodsp,1,True,routed_timing_failed,False,64.08,7345,3738,642,0,0,9185,3738,83.2,587.1,600,u_core.genblk3.g_d1.g_lane[1].u_lane.u_eval.g_a1.u_drop.d_q[0]_TRELLIS_FF_Q_5.Q,u_core.genblk3.g_d1.g_lane[1].u_lane.u_eval.g_a1.u_drop.y_o_TRELLIS_FF_Q_1.M,6.36,9.24,oss-cad-suite-2026-09-04,0314c3ecde28fdfa68a373a324ddd353ee76393f1e59883accc8f567e71f934f,3b733da8ba39a77a9193a8fa70a588c081e3daad692fb3cbc12872701c9bb0e5,192ee84d31b168618027b69bfbedf035eb5617127a440f2069e6f0a1a1b70343
a1-cache-d1-p0-l2,100.0,12,nodsp,1,True,routed_timing_failed,False,66.87,7345,3738,642,0,0,9185,3738,84.0,587.1,600,u_core.genblk3.g_d1.g_lane[1].u_lane.u_eval.g_a1.u_drop.d_q[1]_TRELLIS_FF_Q_2.Q,u_core.genblk3.g_d1.g_lane[1].u_lane.u_eval.g_a1.u_drop.y_o_TRELLIS_FF_Q.M,6.29,8.66,oss-cad-suite-2026-09-04,0314c3ecde28fdfa68a373a324ddd353ee76393f1e59883accc8f567e71f934f,66be414195bfb49e00fc1ff22a77707baea14df8fa43dd747635c29816b65503,192ee84d31b168618027b69bfbedf035eb5617127a440f2069e6f0a1a1b70343
a1-cache-d1-p0-l2,100.0,13,nodsp,1,True,routed_timing_failed,False,65.46,7345,3738,642,0,0,9185,3738,75.7,587.9,600,u_core.genblk3.g_d1.g_lane[0].u_lane.j_TRELLIS_FF_Q_2.Q,u_core.genblk3.g_d1.g_lane[0].u_lane.u_eval.g_a1.u_drop.height_i_TRELLIS_FF_Q_1.DI,4.25,11.03,oss-cad-suite-2026-09-04,0314c3ecde28fdfa68a373a324ddd353ee76393f1e59883accc8f567e71f934f,e02fbccd9b04895087e23d9d21c533c91741c971ec8255a4efad95797dd481fb,2dc55b71c061be257e7c58764482e138a0ebfdf6f16a80f01d11125ec1f643f1
a1-cache-d1-p0-l4,50.0,11,nodsp,1,True,route_timeout,,,14035,6773,1225,0,0,17551,6773,1200.6,761.1,1200,,,,,oss-cad-suite-2026-09-04,1a9d7e5fb832b0ee9f66813c4fe24d11ee0c0ad193abec15c3747c1eec517459,59e733375850d84d44ae7afd3f4b2fecf47a1b3ab9794c9a11eeff34c2ff2688,16fa195499530e34b2bdb11e48fc13f34f90dd31fb4c8a859e661707a8498144
a1-cache-d1-p0-l4,50.0,12,nodsp,1,True,routed_timing_met,True,63.24,14035,6773,1225,0,0,17551,6773,407.7,831.0,1200,u_core.genblk3.g_d1.g_lane[0].u_lane.u_eval.g_a1.u_drop.d_q[1]_TRELLIS_FF_Q_3.Q,u_core.genblk3.g_d1.g_lane[0].u_lane.u_eval.g_a1.u_drop.y_o_TRELLIS_FF_Q.M,6.41,9.41,oss-cad-suite-2026-09-04,1a9d7e5fb832b0ee9f66813c4fe24d11ee0c0ad193abec15c3747c1eec517459,95c6d3492549d195c702d71a8d67b7d9a0c261a892c4472117602f9b47ad5d55,16fa195499530e34b2bdb11e48fc13f34f90dd31fb4c8a859e661707a8498144
a1-cache-d1-p0-l4,50.0,13,nodsp,1,True,route_timeout,,,14035,6773,1225,0,0,17551,6773,1200.6,774.7,1200,,,,,oss-cad-suite-2026-09-04,1a9d7e5fb832b0ee9f66813c4fe24d11ee0c0ad193abec15c3747c1eec517459,fd9c85095cd5adfce6e0ce871b8f587b1943399f70b3fd9eab64abaf1eab7e92,776b0ab4fd71535b613e33a889367142a2cf0d23d14074d2c32fb6fb698cb72a
a1-cache-d1-p0-l4,60.0,11,nodsp,1,True,route_timeout,,,14035,6773,1225,0,0,17551,6773,1200.6,761.3,1200,,,,,oss-cad-suite-2026-09-04,1a9d7e5fb832b0ee9f66813c4fe24d11ee0c0ad193abec15c3747c1eec517459,98177dde614c6d370847428c5b37a11b1a0ffba39f20e59ee68478788bfdc650,8a93f90eb814ef70107c29ec0aa7363bf30fee167c2c5294f2a463f5e234e65e
a1-cache-d1-p0-l4,60.0,12,nodsp,1,True,routed_timing_met,True,63.24,14035,6773,1225,0,0,17551,6773,384.8,830.9,1200,u_core.genblk3.g_d1.g_lane[0].u_lane.u_eval.g_a1.u_drop.d_q[1]_TRELLIS_FF_Q_3.Q,u_core.genblk3.g_d1.g_lane[0].u_lane.u_eval.g_a1.u_drop.y_o_TRELLIS_FF_Q.M,6.41,9.41,oss-cad-suite-2026-09-04,1a9d7e5fb832b0ee9f66813c4fe24d11ee0c0ad193abec15c3747c1eec517459,438cc23be7b7c41eacbd5f3d287055f63186d4e07724ccafc97c1f86d584e015,8a93f90eb814ef70107c29ec0aa7363bf30fee167c2c5294f2a463f5e234e65e
a1-cache-d1-p0-l4,60.0,13,nodsp,1,True,route_timeout,,,14035,6773,1225,0,0,17551,6773,1200.6,774.9,1200,,,,,oss-cad-suite-2026-09-04,1a9d7e5fb832b0ee9f66813c4fe24d11ee0c0ad193abec15c3747c1eec517459,f393e4948f6a0699b201efb350e9b8dbcdf8f406956ea898d81ffd7346156fb8,8a93f90eb814ef70107c29ec0aa7363bf30fee167c2c5294f2a463f5e234e65e
a1-cache-d1-p0-l4,80.0,11,nodsp,1,True,route_timeout,,,14035,6773,1225,0,0,17551,6773,1200.6,761.2,1200,,,,,oss-cad-suite-2026-09-04,1a9d7e5fb832b0ee9f66813c4fe24d11ee0c0ad193abec15c3747c1eec517459,8d61471ff5c7cd0c9155703ec637ec1b4011d8d75d15a6bc9c0f2b4ea72a11ab,8a93f90eb814ef70107c29ec0aa7363bf30fee167c2c5294f2a463f5e234e65e
a1-cache-d1-p0-l4,80.0,12,nodsp,1,True,routed_timing_failed,False,63.24,14035,6773,1225,0,0,17551,6773,426.1,831.0,1200,u_core.genblk3.g_d1.g_lane[0].u_lane.u_eval.g_a1.u_drop.d_q[1]_TRELLIS_FF_Q_3.Q,u_core.genblk3.g_d1.g_lane[0].u_lane.u_eval.g_a1.u_drop.y_o_TRELLIS_FF_Q.M,6.41,9.41,oss-cad-suite-2026-09-04,1a9d7e5fb832b0ee9f66813c4fe24d11ee0c0ad193abec15c3747c1eec517459,7e67e054116cbc98f7754f3650cd2b590c52a9d995188697812075751e2dc8fd,8a93f90eb814ef70107c29ec0aa7363bf30fee167c2c5294f2a463f5e234e65e
a1-cache-d1-p0-l4,80.0,13,nodsp,1,True,route_timeout,,,14035,6773,1225,0,0,17551,6773,1200.6,774.6,1200,,,,,oss-cad-suite-2026-09-04,1a9d7e5fb832b0ee9f66813c4fe24d11ee0c0ad193abec15c3747c1eec517459,ff005ede07f88ce2101ce16a2ce8db4d8d5ce4dded4eeb134d01aa554eb7bd3a,8a93f90eb814ef70107c29ec0aa7363bf30fee167c2c5294f2a463f5e234e65e
a1-cache-d1-p0-l4,100.0,11,nodsp,1,True,route_timeout,,,14035,6773,1225,0,0,17551,6773,1200.6,761.3,1200,,,,,oss-cad-suite-2026-09-04,1a9d7e5fb832b0ee9f66813c4fe24d11ee0c0ad193abec15c3747c1eec517459,eb0bb6368cab8274275aad970c36a9cb055218a9e072a6e1f944ed952d5d2cc0,8a93f90eb814ef70107c29ec0aa7363bf30fee167c2c5294f2a463f5e234e65e
a1-cache-d1-p0-l4,100.0,12,nodsp,1,True,routed_timing_failed,False,63.24,14035,6773,1225,0,0,17551,6773,432.5,830.9,1200,u_core.genblk3.g_d1.g_lane[0].u_lane.u_eval.g_a1.u_drop.d_q[1]_TRELLIS_FF_Q_3.Q,u_core.genblk3.g_d1.g_lane[0].u_lane.u_eval.g_a1.u_drop.y_o_TRELLIS_FF_Q.M,6.41,9.41,oss-cad-suite-2026-09-04,1a9d7e5fb832b0ee9f66813c4fe24d11ee0c0ad193abec15c3747c1eec517459,0cc8cf10ef2cf8f0157cd6e5a5fd941ef962f17f19fd23798bcaeee139dcd989,8a93f90eb814ef70107c29ec0aa7363bf30fee167c2c5294f2a463f5e234e65e
a1-cache-d1-p0-l4,100.0,13,nodsp,1,True,route_timeout,,,14035,6773,1225,0,0,17551,6773,1200.6,774.6,1200,,,,,oss-cad-suite-2026-09-04,1a9d7e5fb832b0ee9f66813c4fe24d11ee0c0ad193abec15c3747c1eec517459,e81fe54205ce2e45ff683bf7adf95c668d7a09dbf04bbc13855cb720629e8503,8a93f90eb814ef70107c29ec0aa7363bf30fee167c2c5294f2a463f5e234e65e
a1-cache-d1-p1-l1,50.0,11,nodsp,1,True,routed_timing_met,True,66.59,3941,2130,324,0,0,4867,2130,40.8,465.0,600,u_core.genblk3.g_d1.g_lane[0].u_lane.j_TRELLIS_FF_Q_3.Q,u_core.genblk3.g_d1.g_lane[0].u_lane.u_eval.g_a1.u_merge.dx_i_TRELLIS_FF_Q_5.M,4.27,10.75,oss-cad-suite-2026-09-04,777025b5695af23cbea710018b2ef4ac83acd49ef37264d756ab347617de3f35,55cbe9a97cf6c52870692ffa5359b7cb04f75cb8047ff11b08878ad9d1254ed4,8a93f90eb814ef70107c29ec0aa7363bf30fee167c2c5294f2a463f5e234e65e
a1-cache-d1-p1-l1,50.0,12,nodsp,1,True,routed_timing_met,True,65.98,3941,2130,324,0,0,4867,2130,42.5,465.8,600,u_core.genblk3.g_d1.g_lane[0].u_lane.u_eval.g_a1.u_drop.d_q[0]_TRELLIS_FF_Q_1.Q,u_core.genblk3.g_d1.g_lane[0].u_lane.u_eval.g_a1.u_drop.y_o_TRELLIS_FF_Q_2.M,6.39,8.77,oss-cad-suite-2026-09-04,777025b5695af23cbea710018b2ef4ac83acd49ef37264d756ab347617de3f35,933f0f187366155df25963a3bcc5640a56f2b899508bdd571452aac299389d65,8a93f90eb814ef70107c29ec0aa7363bf30fee167c2c5294f2a463f5e234e65e
a1-cache-d1-p1-l1,50.0,13,nodsp,1,True,routed_timing_met,True,66.39,3941,2130,324,0,0,4867,2130,41.1,468.2,600,u_core.genblk3.g_d1.g_lane[0].u_lane.u_eval.g_a1.u_drop.d_q[1]_TRELLIS_FF_Q_1.Q,u_core.genblk3.g_d1.g_lane[0].u_lane.u_eval.g_a1.u_drop.y_o_TRELLIS_FF_Q_1.M,6.42,8.65,oss-cad-suite-2026-09-04,777025b5695af23cbea710018b2ef4ac83acd49ef37264d756ab347617de3f35,28bee8fc39089e41e58cc30878717666e73dcfd1a41fcb0bfcce464c9d068f79,8a93f90eb814ef70107c29ec0aa7363bf30fee167c2c5294f2a463f5e234e65e
a1-cache-d1-p5-l1,50.0,11,nodsp,1,True,routed_timing_met,True,66.44,3909,2112,332,0,0,4859,2112,38.2,467.6,600,u_core.genblk3.g_d1.g_lane[0].u_lane.u_eval.g_a1.u_drop.d_q[0]_TRELLIS_FF_Q.Q,u_core.genblk3.g_d1.g_lane[0].u_lane.u_eval.g_a1.u_drop.y_o_TRELLIS_FF_Q.M,6.39,8.67,oss-cad-suite-2026-09-04,c5b74a2936fce356c247490f626940233d59c1b9ad6fc1c384b6ab005ff745a0,f3275875704c0ed944cbc62d9e87542ece5f1ed9a9683b178ef90d117412416e,8a93f90eb814ef70107c29ec0aa7363bf30fee167c2c5294f2a463f5e234e65e
a1-cache-d1-p5-l1,50.0,12,nodsp,1,True,routed_timing_met,True,67.76,3909,2112,332,0,0,4859,2112,42.6,465.6,600,u_core.genblk3.g_d1.g_lane[0].u_lane.u_eval.u_clear.board_o_TRELLIS_FF_Q_19.Q,u_core.genblk3.g_d1.g_lane[0].u_lane.u_eval.g_a1.u_feat.colholes_q[9]_TRELLIS_FF_Q_4.DI,5.18,9.58,oss-cad-suite-2026-09-04,c5b74a2936fce356c247490f626940233d59c1b9ad6fc1c384b6ab005ff745a0,356095c86ba25514c61f150c8e7001edf17f8a3e7ca963fe78cee9f25659f36c,8a93f90eb814ef70107c29ec0aa7363bf30fee167c2c5294f2a463f5e234e65e
a1-cache-d1-p5-l1,50.0,13,nodsp,1,True,routed_timing_met,True,68.29,3909,2112,332,0,0,4859,2112,39.2,467.2,600,u_core.genblk3.g_d1.g_lane[0].u_lane.u_eval.g_a1.u_drop.d_q[0]_TRELLIS_FF_Q_5.Q,u_core.genblk3.g_d1.g_lane[0].u_lane.u_eval.g_a1.u_drop.y_o_TRELLIS_FF_Q.M,6.24,8.4,oss-cad-suite-2026-09-04,c5b74a2936fce356c247490f626940233d59c1b9ad6fc1c384b6ab005ff745a0,eff035ba2f8e296bda7d77ce0c055a4070ff169cc9f56528e1428999e09d1d33,8a93f90eb814ef70107c29ec0aa7363bf30fee167c2c5294f2a463f5e234e65e
a1-cache-d1-p6-l1,50.0,11,nodsp,1,True,routed_timing_met,True,65.57,3882,2100,329,0,0,4826,2100,35.6,466.3,600,u_core.genblk3.g_d1.g_lane[0].u_lane.u_eval.g_a1.u_drop.d_q[1]_TRELLIS_FF_Q.Q,u_core.genblk3.g_d1.g_lane[0].u_lane.u_eval.g_a1.u_drop.y_o_TRELLIS_FF_Q.M,6.41,8.85,oss-cad-suite-2026-09-04,307984041f4c554ac5b865ce856284250d2915b4f493c8999ffe9dc23d4e463b,fb52e1d4ff9fb20aa150a4f3caa2dace74306e87b36c4b05d116b472e720bac5,8a93f90eb814ef70107c29ec0aa7363bf30fee167c2c5294f2a463f5e234e65e
a1-cache-d1-p6-l1,50.0,12,nodsp,1,True,routed_timing_met,True,65.27,3882,2100,329,0,0,4826,2100,209.0,472.1,600,u_core.genblk3.g_d1.g_lane[0].u_lane.u_eval.g_a1.u_drop.d_q[0]_TRELLIS_FF_Q.Q,u_core.genblk3.g_d1.g_lane[0].u_lane.u_eval.g_a1.u_drop.legal_o_TRELLIS_FF_Q.M,6.48,8.85,oss-cad-suite-2026-09-04,307984041f4c554ac5b865ce856284250d2915b4f493c8999ffe9dc23d4e463b,a2893e80a4b55bbb377dd31b02673ea6cec9754cafae34cecd2276402a447b7d,8a93f90eb814ef70107c29ec0aa7363bf30fee167c2c5294f2a463f5e234e65e
a1-cache-d1-p6-l1,50.0,13,nodsp,1,True,routed_timing_met,True,65.12,3882,2100,329,0,0,4826,2100,41.0,466.3,600,u_core.genblk3.g_d1.g_lane[0].u_lane.u_eval.g_a1.u_drop.d_q[0]_TRELLIS_FF_Q_1.Q,u_core.genblk3.g_d1.g_lane[0].u_lane.u_eval.g_a1.u_drop.y_o_TRELLIS_FF_Q.M,6.48,8.88,oss-cad-suite-2026-09-04,307984041f4c554ac5b865ce856284250d2915b4f493c8999ffe9dc23d4e463b,e32f27e725df1864d2825fe5e3bd38eb75fd534628f624bda0972ba6e0009119,8a93f90eb814ef70107c29ec0aa7363bf30fee167c2c5294f2a463f5e234e65e
a1-cache-d1-p7-l1,50.0,11,nodsp,1,True,routed_timing_met,True,67.82,3883,2094,322,0,0,4805,2094,38.1,465.3,600,u_core.genblk3.g_d1.g_lane[0].u_lane.u_eval.g_a1.u_drop.d_q[0]_TRELLIS_FF_Q_2.Q,u_core.genblk3.g_d1.g_lane[0].u_lane.u_eval.g_a1.u_drop.y_o_TRELLIS_FF_Q_1.M,6.31,8.43,oss-cad-suite-2026-09-04,93e8efc4f62eb533ae26ea99336d9be2c1b68bffe64545271adfa983fe1718a2,28218c6d054dd7b305fb80f8c2a1880c53fe0c2d441659c0dbfdf76a47408fb1,8a93f90eb814ef70107c29ec0aa7363bf30fee167c2c5294f2a463f5e234e65e
a1-cache-d1-p7-l1,50.0,12,nodsp,1,True,routed_timing_met,True,68.5,3883,2094,322,0,0,4805,2094,40.6,465.2,600,u_core.genblk3.g_d1.g_lane[0].u_lane.u_eval.g_a1.u_drop.d_q[1]_TRELLIS_FF_Q.Q,u_core.genblk3.g_d1.g_lane[0].u_lane.u_eval.g_a1.u_drop.y_o_TRELLIS_FF_Q_2.M,6.24,8.36,oss-cad-suite-2026-09-04,93e8efc4f62eb533ae26ea99336d9be2c1b68bffe64545271adfa983fe1718a2,cfefeb67a3743a4d12933d4bddc16923d62522f712696d3d292b0acfe5836ab3,8a93f90eb814ef70107c29ec0aa7363bf30fee167c2c5294f2a463f5e234e65e
a1-cache-d1-p7-l1,50.0,13,nodsp,1,True,routed_timing_met,True,65.91,3883,2094,322,0,0,4805,2094,41.6,467.4,600,u_core.genblk3.g_d1.g_lane[0].u_lane.u_eval.g_a1.u_drop.d_q[0]_TRELLIS_FF_Q_1.Q,u_core.genblk3.g_d1.g_lane[0].u_lane.u_eval.g_a1.u_drop.y_o_TRELLIS_FF_Q_1.M,6.46,8.72,oss-cad-suite-2026-09-04,93e8efc4f62eb533ae26ea99336d9be2c1b68bffe64545271adfa983fe1718a2,8602307ad177b956ab354ae5ca86e07bb2454543589a7c4e79eaafc5862db54f,8a93f90eb814ef70107c29ec0aa7363bf30fee167c2c5294f2a463f5e234e65e
a2-cache-d1-p0-l1,50.0,11,nodsp,1,True,routed_timing_met,True,72.4,6104,5489,418,0,0,7394,5489,98.7,582.7,600,u_core.g_a2.u_search.j_TRELLIS_FF_Q_5.Q,u_core.g_a2.u_search.u_pipe.u_front.hsel0[1]_TRELLIS_FF_Q_3.M,4.62,9.19,oss-cad-suite-2026-09-04,c7e0f576c0b2e5254472241c306fefbf7d313f801f3e2001a05a5ffd768a8bb3,db2c64043a79d23c11f404182f7a3de6e6cb8a875ca9ce588651b936f4271fbd,8a93f90eb814ef70107c29ec0aa7363bf30fee167c2c5294f2a463f5e234e65e
a2-cache-d1-p0-l1,50.0,12,nodsp,1,True,routed_timing_met,True,73.37,6104,5489,418,0,0,7394,5489,98.8,578.5,600,u_core.g_a2.u_search.j_TRELLIS_FF_Q_1.Q,u_core.g_a2.u_search.u_pipe.u_front.hsel0[0]_TRELLIS_FF_Q_3.M,4.56,9.06,oss-cad-suite-2026-09-04,c7e0f576c0b2e5254472241c306fefbf7d313f801f3e2001a05a5ffd768a8bb3,f9e9b0f64efbbd40ccf8474727b1dc8f35618e252b191bff69b99fd36a8df9e6,8a93f90eb814ef70107c29ec0aa7363bf30fee167c2c5294f2a463f5e234e65e
a2-cache-d1-p0-l1,50.0,13,nodsp,1,True,routed_timing_met,True,75.63,6104,5489,418,0,0,7394,5489,124.6,580.0,600,u_core.g_a2.u_search.j_TRELLIS_FF_Q_1.Q,u_core.g_a2.u_search.u_pipe.u_front.hsel0[0]_TRELLIS_FF_Q_1.M,4.02,9.2,oss-cad-suite-2026-09-04,c7e0f576c0b2e5254472241c306fefbf7d313f801f3e2001a05a5ffd768a8bb3,ba0dda2cf5ec9f7626eb280b149ce6bbdbcb3666847ddfcb1d542f0145b79068,8a93f90eb814ef70107c29ec0aa7363bf30fee167c2c5294f2a463f5e234e65e
a2-cache-d1-p0-l1,60.0,11,nodsp,1,True,routed_timing_met,True,72.4,6104,5489,418,0,0,7394,5489,100.1,582.2,600,u_core.g_a2.u_search.j_TRELLIS_FF_Q_5.Q,u_core.g_a2.u_search.u_pipe.u_front.hsel0[1]_TRELLIS_FF_Q_3.M,4.62,9.19,oss-cad-suite-2026-09-04,c7e0f576c0b2e5254472241c306fefbf7d313f801f3e2001a05a5ffd768a8bb3,438ec97856891cc2c75a5de81febc46ff2c11c81743671ffd4c4d5a41e60585d,8a93f90eb814ef70107c29ec0aa7363bf30fee167c2c5294f2a463f5e234e65e
a2-cache-d1-p0-l1,60.0,12,nodsp,1,True,routed_timing_met,True,73.37,6104,5489,418,0,0,7394,5489,99.9,578.3,600,u_core.g_a2.u_search.j_TRELLIS_FF_Q_1.Q,u_core.g_a2.u_search.u_pipe.u_front.hsel0[0]_TRELLIS_FF_Q_3.M,4.56,9.06,oss-cad-suite-2026-09-04,c7e0f576c0b2e5254472241c306fefbf7d313f801f3e2001a05a5ffd768a8bb3,099ace246d2548dde2612f7cf432a4726b3313afe733e541313ae89a1a01832e,8a93f90eb814ef70107c29ec0aa7363bf30fee167c2c5294f2a463f5e234e65e
a2-cache-d1-p0-l1,60.0,13,nodsp,1,True,routed_timing_met,True,75.63,6104,5489,418,0,0,7394,5489,122.6,580.1,600,u_core.g_a2.u_search.j_TRELLIS_FF_Q_1.Q,u_core.g_a2.u_search.u_pipe.u_front.hsel0[0]_TRELLIS_FF_Q_1.M,4.02,9.2,oss-cad-suite-2026-09-04,c7e0f576c0b2e5254472241c306fefbf7d313f801f3e2001a05a5ffd768a8bb3,f156355b9ee932d2a1739816c57de1c434058fa9e9dbb9f19ef9f582e1b476c4,8a93f90eb814ef70107c29ec0aa7363bf30fee167c2c5294f2a463f5e234e65e
a2-cache-d1-p0-l1,80.0,11,nodsp,1,True,routed_timing_failed,False,72.4,6104,5489,418,0,0,7394,5489,99.7,582.6,600,u_core.g_a2.u_search.j_TRELLIS_FF_Q_5.Q,u_core.g_a2.u_search.u_pipe.u_front.hsel0[1]_TRELLIS_FF_Q_3.M,4.62,9.19,oss-cad-suite-2026-09-04,c7e0f576c0b2e5254472241c306fefbf7d313f801f3e2001a05a5ffd768a8bb3,2b986679c847dc60fc94617f285df7299a4c341345941d3910954d1f99d2320c,8a93f90eb814ef70107c29ec0aa7363bf30fee167c2c5294f2a463f5e234e65e
a2-cache-d1-p0-l1,80.0,12,nodsp,1,True,routed_timing_failed,False,73.37,6104,5489,418,0,0,7394,5489,94.8,578.5,600,u_core.g_a2.u_search.j_TRELLIS_FF_Q_1.Q,u_core.g_a2.u_search.u_pipe.u_front.hsel0[0]_TRELLIS_FF_Q_3.M,4.56,9.06,oss-cad-suite-2026-09-04,c7e0f576c0b2e5254472241c306fefbf7d313f801f3e2001a05a5ffd768a8bb3,5c3a50586d986bfc0ad2cf66857595202fa583b74f84f3b18304df7f929232fe,8a93f90eb814ef70107c29ec0aa7363bf30fee167c2c5294f2a463f5e234e65e
a2-cache-d1-p0-l1,80.0,13,nodsp,1,True,routed_timing_failed,False,75.63,6104,5489,418,0,0,7394,5489,122.0,579.6,600,u_core.g_a2.u_search.j_TRELLIS_FF_Q_1.Q,u_core.g_a2.u_search.u_pipe.u_front.hsel0[0]_TRELLIS_FF_Q_1.M,4.02,9.2,oss-cad-suite-2026-09-04,c7e0f576c0b2e5254472241c306fefbf7d313f801f3e2001a05a5ffd768a8bb3,cf84a79758af9e7206a7fca9715e3542029fb95b0883f3a2fd774a64ceeecc3e,8a93f90eb814ef70107c29ec0aa7363bf30fee167c2c5294f2a463f5e234e65e
a2-cache-d1-p0-l1,100.0,11,nodsp,1,True,routed_timing_failed,False,72.4,6104,5489,418,0,0,7394,5489,95.9,582.4,600,u_core.g_a2.u_search.j_TRELLIS_FF_Q_5.Q,u_core.g_a2.u_search.u_pipe.u_front.hsel0[1]_TRELLIS_FF_Q_3.M,4.62,9.19,oss-cad-suite-2026-09-04,c7e0f576c0b2e5254472241c306fefbf7d313f801f3e2001a05a5ffd768a8bb3,ae0c951c86155f854208843c0bc2406a51f93acc71186d85a29637e20faa2886,8a93f90eb814ef70107c29ec0aa7363bf30fee167c2c5294f2a463f5e234e65e
a2-cache-d1-p0-l1,100.0,12,nodsp,1,True,routed_timing_failed,False,73.37,6104,5489,418,0,0,7394,5489,99.5,578.8,600,u_core.g_a2.u_search.j_TRELLIS_FF_Q_1.Q,u_core.g_a2.u_search.u_pipe.u_front.hsel0[0]_TRELLIS_FF_Q_3.M,4.56,9.06,oss-cad-suite-2026-09-04,c7e0f576c0b2e5254472241c306fefbf7d313f801f3e2001a05a5ffd768a8bb3,00552cf367687e5c9db372c7f1ddb38f25359567d8ae1749920fa12ca9b56997,8a93f90eb814ef70107c29ec0aa7363bf30fee167c2c5294f2a463f5e234e65e
a2-cache-d1-p0-l1,100.0,13,nodsp,1,True,routed_timing_failed,False,75.63,6104,5489,418,0,0,7394,5489,123.3,580.2,600,u_core.g_a2.u_search.j_TRELLIS_FF_Q_1.Q,u_core.g_a2.u_search.u_pipe.u_front.hsel0[0]_TRELLIS_FF_Q_1.M,4.02,9.2,oss-cad-suite-2026-09-04,c7e0f576c0b2e5254472241c306fefbf7d313f801f3e2001a05a5ffd768a8bb3,5035750644c8084224ab990eab4c484d35384a0202ae732a8524a4f1bf81f55a,8a93f90eb814ef70107c29ec0aa7363bf30fee167c2c5294f2a463f5e234e65e
